Time,Roll (rad),Pitch (rad),Yaw (rad),Heave,Sway,Surge,fkRoll (deg),fkPitch (deg),fkYaw (deg)
2024-06-15 18:46:08.651720,0.4300000071525574,-2.430000066757202,22.5,0.0,0.0,0.0,-0.0003524282656144351,-0.0011115517700091004,-2.4092110834317282e-05,Captured Data
2024-06-15 18:46:08.851954,0.4300000071525574,-2.430000066757202,22.5,0.0,0.0,0.0,-0.0003524282656144351,-0.0011115517700091004,-2.4092110834317282e-05,Captured Data
2024-06-15 18:46:09.052151,-1.3233333826065063,-1.9566667079925537,22.5,0.0,0.0,0.0,-0.0003524282656144351,-0.0011115517700091004,-2.4092110834317282e-05,Captured Data
2024-06-15 18:46:09.252264,-4.829999923706055,-1.0099999904632568,22.5,0.0,0.0,0.0,-0.0003524282656144351,-0.0011115517700091004,-2.4092110834317282e-05,Captured Data
2024-06-15 18:46:09.452378,-7.159999847412109,1.0399999618530273,22.5,0.0,0.0,0.0,-0.0003524282656144351,-0.0011115517700091004,-2.4092110834317282e-05,Captured Data
2024-06-15 18:46:09.652491,-6.929999828338623,1.8233333826065063,22.5,0.0,0.0,0.0,-0.00031736469827592373,0.0004161567776463926,-3.618330811150372e-05,Captured Data
2024-06-15 18:46:09.851774,-6.46999979019165,3.390000104904175,22.5,0.0,0.0,0.0,-0.003119170665740967,0.004588315729051828,0.001537101692520082,Captured Data
2024-06-15 18:46:10.051887,-4.809999942779541,3.799999952316284,22.5,0.0,0.0,0.0,-0.009881573729217052,0.012047527357935905,0.005566953681409359,Captured Data
2024-06-15 18:46:10.252000,-4.328333377838135,3.8350000381469727,22.5,0.0,0.0,0.0,-0.017332861199975014,0.0210303645581007,0.01042149867862463,Captured Data
2024-06-15 18:46:10.452114,-1.9199999570846558,4.010000228881836,22.5,0.0,0.0,0.0,-0.023253418505191803,0.028363198041915894,0.014557145535945892,Captured Data
2024-06-15 18:46:10.652312,-1.9199999570846558,4.010000228881836,22.5,0.0,0.0,0.0,-0.026011629030108452,0.03446757048368454,0.019152497872710228,Captured Data
2024-06-15 18:46:10.852549,-1.3899999856948853,4.296666622161865,22.5,0.0,0.0,0.0,-0.019452111795544624,0.043374381959438324,0.03242957219481468,Captured Data
2024-06-15 18:46:11.052664,1.2599999904632568,5.730000019073486,22.5,0.0,0.0,0.0,-0.016070377081632614,0.04831958934664726,0.05791986361145973,Captured Data
2024-06-15 18:46:11.251863,1.2599999904632568,5.730000019073486,22.5,0.0,0.0,0.0,-0.0050121573731303215,0.05307475104928017,0.09005168825387955,Captured Data
2024-06-15 18:46:11.451979,1.7633333206176758,5.570000171661377,22.5,0.0,0.0,0.0,0.008927314542233944,0.05843105539679527,0.12834231555461884,Captured Data
2024-06-15 18:46:11.652092,2.7699999809265137,5.25,22.5,0.0,0.0,0.0,0.014563056640326977,0.0599704384803772,0.17411968111991882,Captured Data
2024-06-15 18:46:11.852207,1.9700000286102295,3.880000114440918,22.5,0.0,0.0,0.0,0.020630931481719017,0.059109676629304886,0.22491562366485596,Captured Data
2024-06-15 18:46:12.052558,1.6200000047683716,3.448333263397217,22.5,0.0,0.0,0.0,0.0256439670920372,0.05609925091266632,0.27546101808547974,Captured Data
2024-06-15 18:46:12.252671,-0.12999999523162842,1.2899999618530273,22.5,0.0,0.0,0.0,0.028017636388540268,0.053193099796772,0.31783363223075867,Captured Data
2024-06-15 18:46:12.451872,-0.12999999523162842,1.2899999618530273,22.5,0.0,0.0,0.0,0.01843043603003025,0.044543102383613586,0.3495869040489197,Captured Data
2024-06-15 18:46:12.652077,-0.23000000417232513,-0.8799999952316284,22.5,0.0,0.0,0.0,0.005320544820278883,0.02995389886200428,0.36852675676345825,Captured Data
2024-06-15 18:46:12.852189,0.7799999713897705,-1.590000033378601,22.5,0.0,0.0,0.0,-0.0005435550701804459,0.013252205215394497,0.3789876699447632,Captured Data
2024-06-15 18:46:13.052304,0.7799999713897705,-1.590000033378601,22.5,0.0,0.0,0.0,0.0020784931257367134,-0.007523162756115198,0.3823387026786804,Captured Data
2024-06-15 18:46:13.252419,0.5600000023841858,-1.5166666507720947,22.5,0.0,0.0,0.0,0.0093595115467906,-0.019221870228648186,0.3777810335159302,Captured Data
2024-06-15 18:46:13.452531,0.44999998807907104,-1.4800000190734863,22.5,0.0,0.0,0.0,0.010697814635932446,-0.022554585710167885,0.3765218257904053,Captured Data
2024-06-15 18:46:13.652159,-1.909999966621399,-0.699999988079071,22.5,0.0,0.0,0.0,0.010174095630645752,-0.02353021129965782,0.37724223732948303,Captured Data
2024-06-15 18:46:13.852399,-3.0899999141693115,-0.3100000023841858,22.5,0.0,0.0,0.0,-0.000828995427582413,-0.021455883979797363,0.37809014320373535,Captured Data
2024-06-15 18:46:14.052513,-3.4200000762939453,1.190000057220459,22.5,0.0,0.0,0.0,-0.023579854518175125,-0.013845275156199932,0.37183618545532227,Captured Data
2024-06-15 18:46:14.252627,-3.4200000762939453,1.190000057220459,22.5,0.0,0.0,0.0,-0.040470484644174576,-0.0009265479748137295,0.365363746881485,Captured Data
2024-06-15 18:46:14.451740,-2.2066667079925537,2.0833332538604736,22.5,0.0,0.0,0.0,-0.049013156443834305,0.012334841303527355,0.36326125264167786,Captured Data
2024-06-15 18:46:14.651854,-1.600000023841858,2.5299999713897705,22.5,0.0,0.0,0.0,-0.04747733473777771,0.021644631400704384,0.36466512084007263,Captured Data
2024-06-15 18:46:14.851968,-0.8299999833106995,2.319999933242798,22.5,0.0,0.0,0.0,-0.037896107882261276,0.032186686992645264,0.3653966188430786,Captured Data
2024-06-15 18:46:15.052210,-1.0800000429153442,1.6100000143051147,22.5,0.0,0.0,0.0,-0.02724165841937065,0.03717633709311485,0.36391526460647583,Captured Data
2024-06-15 18:46:15.252323,-1.0800000429153442,1.6100000143051147,22.5,0.0,0.0,0.0,-0.0204287339001894,0.034358296543359756,0.3667237460613251,Captured Data
2024-06-15 18:46:15.452437,-2.0199999809265137,0.9399999976158142,22.5,0.0,0.0,0.0,-0.019856739789247513,0.029825912788510323,0.3703484535217285,Captured Data
2024-06-15 18:46:15.652550,-2.3299999237060547,1.149999976158142,22.5,0.0,0.0,0.0,-0.022995900362730026,0.024712081998586655,0.37335005402565,Captured Data
2024-06-15 18:46:15.852663,-2.950000047683716,1.5700000524520874,22.5,0.0,0.0,0.0,-0.03052646666765213,0.01965210773050785,0.3743010461330414,Captured Data
2024-06-15 18:46:16.051778,-3.4633333683013916,2.509999990463257,22.5,0.0,0.0,0.0,-0.03748518228530884,0.020966563373804092,0.3722754716873169,Captured Data
2024-06-15 18:46:16.251892,-3.683333396911621,3.2066667079925537,22.5,0.0,0.0,0.0,-0.04577303305268288,0.028057610616087914,0.36847123503685,Captured Data
2024-06-15 18:46:16.452006,-3.609999895095825,3.6600000858306885,22.5,0.0,0.0,0.0,-0.05210525542497635,0.039077337831258774,0.36229202151298523,Captured Data
2024-06-15 18:46:16.652120,-3.0199999809265137,3.7166666984558105,22.5,0.0,0.0,0.0,-0.05445278063416481,0.04835506156086922,0.35517579317092896,Captured Data
2024-06-15 18:46:16.852233,-1.840000033378601,3.8299999237060547,22.5,0.0,0.0,0.0,-0.05320051312446594,0.054047275334596634,0.35044223070144653,Captured Data
2024-06-15 18:46:17.052346,-0.8399999737739563,3.690000057220459,22.5,0.0,0.0,0.0,-0.04460834339261055,0.05708925426006317,0.34830501675605774,Captured Data
2024-06-15 18:46:17.252462,-1.2733333110809326,3.6433334350585938,22.5,0.0,0.0,0.0,-0.02986934222280979,0.058036722242832184,0.3479219675064087,Captured Data
2024-06-15 18:46:17.452575,-1.4900000095367432,3.619999885559082,22.5,0.0,0.0,0.0,-0.021714821457862854,0.05751333758234978,0.34868720173835754,Captured Data
2024-06-15 18:46:17.652689,-2.1700000762939453,3.2300000190734863,22.5,0.0,0.0,0.0,-0.021699193865060806,0.05731368064880371,0.3487568199634552,Captured Data
2024-06-15 18:46:17.851802,-2.8499999046325684,2.8399999141693115,22.5,0.0,0.0,0.0,-0.024816401302814484,0.05495454743504524,0.3504418134689331,Captured Data
2024-06-15 18:46:18.051916,-2.2733333110809326,2.109999895095825,22.5,0.0,0.0,0.0,-0.03327920660376549,0.05056101828813553,0.35375863313674927,Captured Data
2024-06-15 18:46:18.252029,-1.1200000047683716,0.6499999761581421,22.5,0.0,0.0,0.0,-0.03801969066262245,0.043963346630334854,0.3591519296169281,Captured Data
2024-06-15 18:46:18.452224,0.46000000834465027,0.7233333587646484,22.5,0.0,0.0,0.0,-0.03329648822546005,0.031075017526745796,0.3700145483016968,Captured Data
2024-06-15 18:46:18.652421,1.25,0.7599999904632568,22.5,0.0,0.0,0.0,-0.016325801610946655,0.018463606014847755,0.38022372126579285,Captured Data
2024-06-15 18:46:18.852534,2.440000057220459,1.6100000143051147,22.5,0.0,0.0,0.0,0.003081680042669177,0.014791859313845634,0.3829158544540405,Captured Data
2024-06-15 18:46:19.052649,3.630000114440918,2.4600000381469727,22.5,0.0,0.0,0.0,0.019874349236488342,0.017745569348335266,0.38023483753204346,Captured Data
2024-06-15 18:46:19.251762,3.7066667079925537,2.371666669845581,22.5,0.0,0.0,0.0,0.03770974278450012,0.02747843600809574,0.3725254535675049,Captured Data
2024-06-15 18:46:19.451875,4.090000152587891,1.9299999475479126,22.5,0.0,0.0,0.0,0.050413891673088074,0.035096533596515656,0.366123765707016,Captured Data
2024-06-15 18:46:19.651990,4.090000152587891,1.9299999475479126,22.5,0.0,0.0,0.0,0.057804256677627563,0.0356103777885437,0.3645060956478119,Captured Data
2024-06-15 18:46:19.852103,2.053333282470703,-5.706546346573305e-14,22.5,0.0,0.0,0.0,0.06219998374581337,0.03334430605173111,0.36370885372161865,Captured Data
2024-06-15 18:46:20.052218,-2.0199999809265137,-3.859999895095825,22.5,0.0,0.0,0.0,0.05509676784276962,0.02243448980152607,0.36625441908836365,Captured Data
2024-06-15 18:46:20.252330,-3.926666736602783,-3.373333215713501,22.5,0.0,0.0,0.0,0.024660486727952957,-0.008497056551277637,0.370007187128067,Captured Data
2024-06-15 18:46:20.452566,-4.986666679382324,-2.2100000381469727,22.5,0.0,0.0,0.0,-0.01599062792956829,-0.03811969980597496,0.3593764007091522,Captured Data
2024-06-15 18:46:20.651765,-5.199999809265137,-0.3700000047683716,22.5,0.0,0.0,0.0,-0.04601182043552399,-0.04105456918478012,0.34517937898635864,Captured Data
2024-06-15 18:46:20.851878,-4.443333148956299,1.0333333015441895,22.5,0.0,0.0,0.0,-0.0642617717385292,-0.027811570093035698,0.3392919898033142,Captured Data
2024-06-15 18:46:21.051992,-2.930000066757202,3.8399999141693115,22.5,0.0,0.0,0.0,-0.07111746817827225,-0.0064821504056453705,0.34284231066703796,Captured Data
2024-06-15 18:46:21.252005,-2.930000066757202,3.8399999141693115,22.5,0.0,0.0,0.0,-0.0641816109418869,0.021121283993124962,0.35051602125167847,Captured Data
2024-06-15 18:46:21.452120,-1.25,3.9200000762939453,22.5,0.0,0.0,0.0,-0.052611127495765686,0.04554468393325806,0.3499659597873688,Captured Data
2024-06-15 18:46:21.652233,-1.7266666889190674,3.2166666984558105,22.5,0.0,0.0,0.0,-0.0403900109231472,0.05524818226695061,0.3481483459472656,Captured Data
2024-06-15 18:46:21.852442,-2.680000066757202,1.809999942779541,22.5,0.0,0.0,0.0,-0.029799623414874077,0.056046631187200546,0.34919631481170654,Captured Data
2024-06-15 18:46:22.052661,-4.090000152587891,1.6100000143051147,22.5,0.0,0.0,0.0,-0.033160414546728134,0.04568543657660484,0.3578929007053375,Captured Data
2024-06-15 18:46:22.251861,-4.258333206176758,1.90666663646698,22.5,0.0,0.0,0.0,-0.04558347538113594,0.03449451923370361,0.3637470602989197,Captured Data
2024-06-15 18:46:22.451975,-5.099999904632568,3.390000104904175,22.5,0.0,0.0,0.0,-0.058352649211883545,0.030523261055350304,0.3603777587413788,Captured Data
2024-06-15 18:46:22.652089,-4.166666507720947,4.567777633666992,22.5,0.0,0.0,0.0,-0.06709535419940948,0.03712806478142738,0.35741493105888367,Captured Data
2024-06-15 18:46:22.852203,-3.4200000762939453,5.510000228881836,22.5,0.0,0.0,0.0,-0.07073216140270233,0.05150115489959717,0.350466787815094,Captured Data
2024-06-15 18:46:23.052317,-3.4200000762939453,5.510000228881836,22.5,0.0,0.0,0.0,-0.06288808584213257,0.06583315134048462,0.34069594740867615,Captured Data
2024-06-15 18:46:23.252431,-2.890000104904175,3.8399999141693115,22.5,0.0,0.0,0.0,-0.05512083321809769,0.07544762641191483,0.3330548405647278,Captured Data
2024-06-15 18:46:23.452544,-2.4700000286102295,-0.05000000074505806,22.5,0.0,0.0,0.0,-0.05078259855508804,0.07277016341686249,0.33526527881622314,Captured Data
2024-06-15 18:46:23.652659,-2.4700000286102295,-0.05000000074505806,22.5,0.0,0.0,0.0,-0.04674498736858368,0.04736197739839554,0.3511160612106323,Captured Data
2024-06-15 18:46:23.851851,-1.2300000190734863,-4.579999923706055,22.5,0.0,0.0,0.0,-0.04253581166267395,0.017535308375954628,0.3627009093761444,Captured Data
2024-06-15 18:46:24.051964,0.7200000286102295,-5.619999885559082,22.5,0.0,0.0,0.0,-0.03528779372572899,-0.011695078574120998,0.36395978927612305,Captured Data
2024-06-15 18:46:24.252078,0.7200000286102295,-5.619999885559082,22.5,0.0,0.0,0.0,-0.017415158450603485,-0.05303674936294556,0.3596303164958954,Captured Data
2024-06-15 18:46:24.452191,2.511666774749756,-2.244999885559082,22.5,0.0,0.0,0.0,0.000131198248709552,-0.07485873252153397,0.35424450039863586,Captured Data
2024-06-15 18:46:24.652306,2.869999885559082,-1.5700000524520874,22.5,0.0,0.0,0.0,0.015198825858533382,-0.0677981972694397,0.35320618748664856,Captured Data
2024-06-15 18:46:24.852420,2.869999885559082,-1.5700000524520874,22.5,0.0,0.0,0.0,0.032384250313043594,-0.044533442705869675,0.35330018401145935,Captured Data
2024-06-15 18:46:25.052534,2.1533334255218506,4.9716668128967285,22.5,0.0,0.0,0.0,0.04094809666275978,-0.03209250047802925,0.3528980016708374,Captured Data
2024-06-15 18:46:25.252649,1.659999966621399,6.196666717529297,22.5,0.0,0.0,0.0,0.042776208370923996,-0.002227266551926732,0.3553929626941681,Captured Data
2024-06-15 18:46:25.451761,0.9599999785423279,6.03000020980835,22.5,0.0,0.0,0.0,0.03644600138068199,0.04924539476633072,0.34675902128219604,Captured Data
2024-06-15 18:46:25.651876,0.23333333432674408,4.849999904632568,22.5,0.0,0.0,0.0,0.026792312040925026,0.07472986727952957,0.3346875011920929,Captured Data
2024-06-15 18:46:25.851990,-1.2200000286102295,2.490000009536743,22.5,0.0,0.0,0.0,0.01626722887158394,0.07919703423976898,0.33207952976226807,Captured Data
2024-06-15 18:46:26.052102,-1.2200000286102295,2.490000009536743,22.5,0.0,0.0,0.0,0.0008284673094749451,0.06476019322872162,0.3436359465122223,Captured Data
2024-06-15 18:46:26.252217,-2.5833332538604736,1.7033333778381348,22.5,0.0,0.0,0.0,-0.01221296563744545,0.04829050600528717,0.3564130663871765,Captured Data
2024-06-15 18:46:26.452331,-5.309999942779541,0.12999999523162842,22.5,0.0,0.0,0.0,-0.024074072018265724,0.039035871624946594,0.3639731705188751,Captured Data
2024-06-15 18:46:26.652445,-5.309999942779541,0.12999999523162842,22.5,0.0,0.0,0.0,-0.04634082317352295,0.02620210312306881,0.36359667778015137,Captured Data
2024-06-15 18:46:26.852559,-3.609999895095825,1.346666693687439,22.5,0.0,0.0,0.0,-0.06728005409240723,0.012091442011296749,0.35032206773757935,Captured Data
2024-06-15 18:46:27.052672,-3.2699999809265137,1.590000033378601,22.5,0.0,0.0,0.0,-0.06902502477169037,0.011507435701787472,0.3498709797859192,Captured Data
2024-06-15 18:46:27.251910,1.809999942779541,2.869999885559082,22.5,0.0,0.0,0.0,-0.06047341600060463,0.01934419758617878,0.35851505398750305,Captured Data
2024-06-15 18:46:27.452155,2.0166666507720947,3.303333282470703,22.5,0.0,0.0,0.0,-0.035592854022979736,0.028229672461748123,0.3662742078304291,Captured Data
2024-06-15 18:46:27.652471,2.119999885559082,3.5199999809265137,22.5,0.0,0.0,0.0,0.0037920349277555943,0.03998183831572533,0.3633061945438385,Captured Data
2024-06-15 18:46:27.852584,-1.2200000286102295,3.240000009536743,22.5,0.0,0.0,0.0,0.02136695757508278,0.04861607402563095,0.3568992018699646,Captured Data
2024-06-15 18:46:28.052699,-3.5999999046325684,2.0799999237060547,22.5,0.0,0.0,0.0,0.01485973410308361,0.05153871327638626,0.35462135076522827,Captured Data
2024-06-15 18:46:28.251811,-4.789999961853027,1.5,22.5,0.0,0.0,0.0,-0.020035021007061005,0.04501718655228615,0.35942795872688293,Captured Data
2024-06-15 18:46:28.452017,-5.284999847412109,0.4050000011920929,22.5,0.0,0.0,0.0,-0.050065960735082626,0.036104168742895126,0.3622657060623169,Captured Data
2024-06-15 18:46:28.652131,-5.78000020980835,-0.6899999976158142,22.5,0.0,0.0,0.0,-0.06715713441371918,0.02510213665664196,0.3547288775444031,Captured Data
2024-06-15 18:46:28.852245,-5.78000020980835,-0.6899999976158142,22.5,0.0,0.0,0.0,-0.07699652016162872,0.010118536651134491,0.3449491262435913,Captured Data
2024-06-15 18:46:29.052573,-1.0700000524520874,3.25,22.5,0.0,0.0,0.0,-0.08201141655445099,-0.002122453646734357,0.33762267231941223,Captured Data
2024-06-15 18:46:29.252687,-0.7099999785423279,4.823333263397217,22.5,0.0,0.0,0.0,-0.06682860851287842,0.012026871554553509,0.3459641933441162,Captured Data
2024-06-15 18:46:29.451913,-0.8999999761581421,5.973333358764648,22.5,0.0,0.0,0.0,-0.03568517416715622,0.04342157393693924,0.3510120213031769,Captured Data
2024-06-15 18:46:29.652179,-1.6399999856948853,6.699999809265137,22.5,0.0,0.0,0.0,-0.021034425124526024,0.06644592434167862,0.33991003036499023,Captured Data
2024-06-15 18:46:29.852415,-3.009999990463257,6.300000190734863,22.5,0.0,0.0,0.0,-0.018708359450101852,0.08149417489767075,0.32847365736961365,Captured Data
2024-06-15 18:46:30.052527,-3.359999895095825,4.659999847412109,22.5,0.0,0.0,0.0,-0.026701902970671654,0.08876671642065048,0.32308804988861084,Captured Data
2024-06-15 18:46:30.252642,-1.9500000476837158,2.509999990463257,22.5,0.0,0.0,0.0,-0.039172809571027756,0.08359368145465851,0.32689955830574036,Captured Data
2024-06-15 18:46:30.451756,-0.1366666704416275,1.443333387374878,22.5,0.0,0.0,0.0,-0.0410093292593956,0.06617473065853119,0.3410257399082184,Captured Data
2024-06-15 18:46:30.651868,1.8266667127609253,0.7266666889190674,22.5,0.0,0.0,0.0,-0.026484154164791107,0.044654205441474915,0.3589588701725006,Captured Data
2024-06-15 18:46:30.851984,3.940000057220459,0.36000001430511475,22.5,0.0,0.0,0.0,-0.0006148391985334456,0.027823837473988533,0.3725894093513489,Captured Data
2024-06-15 18:46:31.052097,5.659999847412109,0.7799999713897705,22.5,0.0,0.0,0.0,0.028173301368951797,0.01701754704117775,0.37287241220474243,Captured Data
2024-06-15 18:46:31.252210,5.25,1.6399999856948853,22.5,0.0,0.0,0.0,0.055498071014881134,0.011837612837553024,0.35927680134773254,Captured Data
2024-06-15 18:46:31.452325,3.559999942779541,2.5399999618530273,22.5,0.0,0.0,0.0,0.07303401827812195,0.016024209558963776,0.35021403431892395,Captured Data
2024-06-15 18:46:31.652471,2.3333332538604736,2.7799999713897705,22.5,0.0,0.0,0.0,0.07242988795042038,0.026772059500217438,0.3543986976146698,Captured Data
2024-06-15 18:46:31.852584,1.40666663646698,2.56333327293396,22.5,0.0,0.0,0.0,0.05804472044110298,0.037096425890922546,0.3601176142692566,Captured Data
2024-06-15 18:46:32.056891,0.7799999713897705,1.8899999856948853,22.5,0.0,0.0,0.0,0.04111170023679733,0.04101833701133728,0.3607760965824127,Captured Data
2024-06-15 18:46:32.251766,0.6600000262260437,-0.20999999344348907,22.5,0.0,0.0,0.0,0.02683044597506523,0.03850539028644562,0.3636125922203064,Captured Data
2024-06-15 18:46:32.451880,0.14000000059604645,-1.940000057220459,22.5,0.0,0.0,0.0,0.018171392381191254,0.02267620712518692,0.374817818403244,Captured Data
2024-06-15 18:46:32.651993,-1.440000057220459,-2.0799999237060547,22.5,0.0,0.0,0.0,0.010845978744328022,-0.0020860799122601748,0.38219964504241943,Captured Data
2024-06-15 18:46:32.852106,-2.7266666889190674,-0.8066666722297668,22.5,0.0,0.0,0.0,-0.001450629672035575,-0.021654225885868073,0.3786041736602783,Captured Data
2024-06-15 18:46:33.052313,-3.753333330154419,0.8666666746139526,22.5,0.0,0.0,0.0,-0.019768942147493362,-0.02403932809829712,0.3703244626522064,Captured Data
2024-06-15 18:46:33.252428,-4.519999980926514,2.940000057220459,22.5,0.0,0.0,0.0,-0.038471680134534836,-0.009353259578347206,0.3638728857040405,Captured Data
2024-06-15 18:46:33.452678,-4.260000228881836,5.590000152587891,22.5,0.0,0.0,0.0,-0.05519935488700867,0.017397722229361534,0.36213791370391846,Captured Data
2024-06-15 18:46:33.652057,-3.0199999809265137,6.440000057220459,22.5,0.0,0.0,0.0,-0.0638987347483635,0.0456879585981369,0.35301151871681213,Captured Data
2024-06-15 18:46:33.852170,-2.180000066757202,5.590000152587891,22.5,0.0,0.0,0.0,-0.05865232273936272,0.07053755223751068,0.3362298011779785,Captured Data
2024-06-15 18:46:34.052202,-2.3333332538604736,4.556666851043701,22.5,0.0,0.0,0.0,-0.04601721465587616,0.0814051702618599,0.32863932847976685,Captured Data
2024-06-15 18:46:34.252436,-2.690000057220459,3.636666774749756,22.5,0.0,0.0,0.0,-0.03850763291120529,0.07821879535913467,0.3315022885799408,Captured Data
2024-06-15 18:46:34.452650,-3.25,2.8299999237060547,22.5,0.0,0.0,0.0,-0.03852982819080353,0.06888207793235779,0.339387983083725,Captured Data
2024-06-15 18:46:34.651764,-3.809999942779541,2.569999933242798,22.5,0.0,0.0,0.0,-0.04281458631157875,0.057116225361824036,0.34853264689445496,Captured Data
2024-06-15 18:46:34.851879,-3.240000009536743,3.009999990463257,22.5,0.0,0.0,0.0,-0.05096828192472458,0.04799003526568413,0.3555203378200531,Captured Data
2024-06-15 18:46:35.052089,-1.600000023841858,3.5199999809265137,22.5,0.0,0.0,0.0,-0.054227571934461594,0.045541975647211075,0.357351690530777,Captured Data
2024-06-15 18:46:35.252242,-0.3333333432674408,3.6733334064483643,22.5,0.0,0.0,0.0,-0.04581413045525551,0.049111127853393555,0.35513630509376526,Captured Data
2024-06-15 18:46:35.452570,0.7833333611488342,3.693333387374878,22.5,0.0,0.0,0.0,-0.027649611234664917,0.05345246195793152,0.3520582616329193,Captured Data
2024-06-15 18:46:35.652683,1.75,3.5799999237060547,22.5,0.0,0.0,0.0,-0.008853087201714516,0.05606517195701599,0.3503504693508148,Captured Data
2024-06-15 18:46:35.851915,2.4200000762939453,3.119999885559082,22.5,0.0,0.0,0.0,0.008450238965451717,0.05663544312119484,0.35004499554634094,Captured Data
2024-06-15 18:46:36.052030,2.309999942779541,2.609999895095825,22.5,0.0,0.0,0.0,0.023527689278125763,0.05464113876223564,0.3520195782184601,Captured Data
2024-06-15 18:46:36.252143,1.7100000381469727,2.1700000762939453,22.5,0.0,0.0,0.0,0.03224779665470123,0.04964476451277733,0.35608530044555664,Captured Data
2024-06-15 18:46:36.452345,1.2833333015441895,2.2833333015441895,22.5,0.0,0.0,0.0,0.03260065242648125,0.04306758567690849,0.360988050699234,Captured Data
2024-06-15 18:46:36.652579,0.9200000166893005,2.636666774749756,22.5,0.0,0.0,0.0,0.028472376987338066,0.03837551176548004,0.36354222893714905,Captured Data
2024-06-15 18:46:36.851788,0.6200000047683716,3.2300000190734863,22.5,0.0,0.0,0.0,0.02252504974603653,0.038912106305360794,0.36278191208839417,Captured Data
2024-06-15 18:46:37.051989,-0.029999999329447746,4.150000095367432,22.5,0.0,0.0,0.0,0.016853483393788338,0.043532080948352814,0.35963910818099976,Captured Data
2024-06-15 18:46:37.252227,-1.0299999713897705,4.260000228881836,22.5,0.0,0.0,0.0,0.010004129260778427,0.05205821618437767,0.35352519154548645,Captured Data
2024-06-15 18:46:37.452341,-2.2300000190734863,2.8299999237060547,22.5,0.0,0.0,0.0,-0.0003166121314279735,0.05974506586790085,0.3469502925872803,Captured Data
2024-06-15 18:46:37.652625,-2.869999885559082,0.8766666650772095,22.5,0.0,0.0,0.0,-0.015349218621850014,0.05766289681196213,0.3488658368587494,Captured Data
2024-06-15 18:46:37.851859,-3.0999999046325684,-1.0700000524520874,22.5,0.0,0.0,0.0,-0.03252397105097771,0.04029599949717522,0.3595462739467621,Captured Data
2024-06-15 18:46:38.051973,-2.9200000762939453,-3.009999990463257,22.5,0.0,0.0,0.0,-0.04294807091355324,0.01621091552078724,0.3634195923805237,Captured Data
2024-06-15 18:46:38.252088,-1.0,-4.489999771118164,22.5,0.0,0.0,0.0,-0.045837029814720154,-0.012373736128211021,0.3573150038719177,Captured Data
2024-06-15 18:46:38.452202,1.659999966621399,-4.159999847412109,22.5,0.0,0.0,0.0,-0.03670234605669975,-0.041059404611587524,0.3544928729534149,Captured Data
2024-06-15 18:46:38.652443,3.390000104904175,-2.0199999809265137,22.5,0.0,0.0,0.0,-0.012020587921142578,-0.05965263396501541,0.35715243220329285,Captured Data
2024-06-15 18:46:38.852557,3.376666784286499,-0.2933333218097687,22.5,0.0,0.0,0.0,0.01876705326139927,-0.054169911891222,0.35466882586479187,Captured Data
2024-06-15 18:46:39.052670,2.819999933242798,1.246666669845581,22.5,0.0,0.0,0.0,0.0401526615023613,-0.031721312552690506,0.35297977924346924,Captured Data
2024-06-15 18:46:39.251783,1.7200000286102295,2.5999999046325684,22.5,0.0,0.0,0.0,0.04660665616393089,-0.005820008926093578,0.36041224002838135,Captured Data
2024-06-15 18:46:39.451898,-0.800000011920929,4.119999885559082,22.5,0.0,0.0,0.0,0.041943229734897614,0.017728013917803764,0.36731335520744324,Captured Data
2024-06-15 18:46:39.652010,-2.869999885559082,5.440000057220459,22.5,0.0,0.0,0.0,0.024586834013462067,0.03894855082035065,0.3624570667743683,Captured Data
2024-06-15 18:46:39.852222,-4.039999961853027,6.849999904632568,22.5,0.0,0.0,0.0,-0.004691173788160086,0.05858461186289787,0.3489893972873688,Captured Data
2024-06-15 18:46:40.052432,-4.1533331871032715,7.836666584014893,22.5,0.0,0.0,0.0,-0.03144366294145584,0.07678337395191193,0.3335215449333191,Captured Data
2024-06-15 18:46:40.252546,-3.9533333778381348,8.733333587646484,22.5,0.0,0.0,0.0,-0.046871475875377655,0.0922638475894928,0.3195529580116272,Captured Data
2024-06-15 18:46:40.452661,-3.440000057220459,9.539999961853027,22.5,0.0,0.0,0.0,-0.05096541345119476,0.10414878278970718,0.3091064989566803,Captured Data
2024-06-15 18:46:40.651773,-2.3499999046325684,9.470000267028809,22.5,0.0,0.0,0.0,-0.05023622512817383,0.11439444124698639,0.3005528151988983,Captured Data
2024-06-15 18:46:40.852000,-1.5399999618530273,7.730000019073486,22.5,0.0,0.0,0.0,-0.043411511927843094,0.12113326042890549,0.29564476013183594,Captured Data
2024-06-15 18:46:41.052231,-1.909999966621399,5.03000020980835,22.5,0.0,0.0,0.0,-0.03343835100531578,0.11852355301380157,0.2985991835594177,Captured Data
2024-06-15 18:46:41.252346,-2.816666603088379,2.9833333492279053,22.5,0.0,0.0,0.0,-0.028326133266091347,0.10228032618761063,0.3121897578239441,Captured Data
2024-06-15 18:46:41.452459,-3.693333387374878,0.9266666769981384,22.5,0.0,0.0,0.0,-0.032381270080804825,0.07653379440307617,0.33308687806129456,Captured Data
2024-06-15 18:46:41.652662,-4.539999961853027,-1.1399999856948853,22.5,0.0,0.0,0.0,-0.0449688583612442,0.047451701015233994,0.3521037995815277,Captured Data
2024-06-15 18:46:41.851868,-3.869999885559082,-3.930000066757202,22.5,0.0,0.0,0.0,-0.05771051347255707,0.018913431093096733,0.3549824655056,Captured Data
2024-06-15 18:46:42.051984,-0.6200000047683716,-5.650000095367432,22.5,0.0,0.0,0.0,-0.061675895005464554,-0.014336335472762585,0.34639179706573486,Captured Data
2024-06-15 18:46:42.252232,3.2799999713897705,-5.53000020980835,22.5,0.0,0.0,0.0,-0.0448383130133152,-0.050863493233919144,0.34650835394859314,Captured Data
2024-06-15 18:46:42.452348,4.480000019073486,-4.130000114440918,22.5,0.0,0.0,0.0,-0.007853921502828598,-0.07432578504085541,0.3498055040836334,Captured Data
2024-06-15 18:46:42.652460,4.706666469573975,-2.2933332920074463,22.5,0.0,0.0,0.0,0.030122924596071243,-0.07406216859817505,0.3394785523414612,Captured Data
2024-06-15 18:46:42.852573,3.9600000381469727,-0.019999999552965164,22.5,0.0,0.0,0.0,0.0525658093392849,-0.05762327089905739,0.3335176408290863,Captured Data
2024-06-15 18:46:43.052688,1.149999976158142,2.7699999809265137,22.5,0.0,0.0,0.0,0.061636414378881454,-0.03229130432009697,0.3386969566345215,Captured Data
2024-06-15 18:46:43.251801,-1.1100000143051147,4.119999885559082,22.5,0.0,0.0,0.0,0.05133751779794693,0.0009555808501318097,0.353630930185318,Captured Data
2024-06-15 18:46:43.452007,-1.3600000143051147,4.150000095367432,22.5,0.0,0.0,0.0,0.02354510687291622,0.03400444984436035,0.35854601860046387,Captured Data
2024-06-15 18:46:43.652121,-0.20666666328907013,3.5833332538604736,22.5,0.0,0.0,0.0,-0.0019475584849715233,0.05298019200563431,0.3510065972805023,Captured Data
2024-06-15 18:46:43.852234,1.0366666316986084,3.0399999618530273,22.5,0.0,0.0,0.0,-0.008842185139656067,0.05766216292977333,0.34813767671585083,Captured Data
2024-06-15 18:46:44.052439,2.369999885559082,2.5199999809265137,22.5,0.0,0.0,0.0,-0.0004919329076074064,0.05503663048148155,0.3513762950897217,Captured Data
2024-06-15 18:46:44.251854,3.109999895095825,2.5199999809265137,22.5,0.0,0.0,0.0,0.0166265070438385,0.04851585254073143,0.3563764691352844,Captured Data
2024-06-15 18:46:44.451966,1.9700000286102295,3.740000009536743,22.5,0.0,0.0,0.0,0.03396512195467949,0.04366527125239372,0.3599229156970978,Captured Data
2024-06-15 18:46:44.652080,-0.6499999761581421,5.570000171661377,22.5,0.0,0.0,0.0,0.03899078443646431,0.04645223915576935,0.357780784368515,Captured Data
2024-06-15 18:46:44.852330,-2.549999952316284,6.436666488647461,22.5,0.0,0.0,0.0,0.023467376828193665,0.060484692454338074,0.3481149971485138,Captured Data
2024-06-15 18:46:45.052460,-4.2166666984558105,6.940000057220459,22.5,0.0,0.0,0.0,-0.004310143180191517,0.07711397856473923,0.3346235156059265,Captured Data
2024-06-15 18:46:45.252663,-5.650000095367432,7.079999923706055,22.5,0.0,0.0,0.0,-0.03035692125558853,0.08794376999139786,0.32444965839385986,Captured Data
2024-06-15 18:46:45.451884,-6.46999979019165,6.5,22.5,0.0,0.0,0.0,-0.05373047664761543,0.09422480314970016,0.31759288907051086,Captured Data
2024-06-15 18:46:45.651998,-5.420000076293945,5.409999847412109,22.5,0.0,0.0,0.0,-0.07305578887462616,0.09494921565055847,0.315468966960907,Captured Data
2024-06-15 18:46:45.852206,-2.7200000286102295,3.9600000381469727,22.5,0.0,0.0,0.0,-0.08069383352994919,0.08936576545238495,0.3194378614425659,Captured Data
2024-06-15 18:46:46.052320,-0.6133333444595337,2.8466665744781494,22.5,0.0,0.0,0.0,-0.06988353282213211,0.07764600962400436,0.32997560501098633,Captured Data
2024-06-15 18:46:46.252435,1.246666669845581,1.9133332967758179,22.5,0.0,0.0,0.0,-0.041389379650354385,0.06186266243457794,0.3446197509765625,Captured Data
2024-06-15 18:46:46.452664,2.859999895095825,1.159999966621399,22.5,0.0,0.0,0.0,-0.012364366091787815,0.047096338123083115,0.35741090774536133,Captured Data
2024-06-15 18:46:46.651777,3.700000047683716,1.0399999618530273,22.5,0.0,0.0,0.0,0.018108749762177467,0.03309515863656998,0.3679685592651367,Captured Data
2024-06-15 18:46:46.852092,2.859999895095825,1.9299999475479126,22.5,0.0,0.0,0.0,0.04092962667346001,0.023586420342326164,0.3686124086380005,Captured Data
2024-06-15 18:46:47.052220,0.8600000143051147,3.509999990463257,22.5,0.0,0.0,0.0,0.048594921827316284,0.024153592064976692,0.36725902557373047,Captured Data
2024-06-15 18:46:47.252455,-0.5133333206176758,4.489999771118164,22.5,0.0,0.0,0.0,0.04013882204890251,0.035401757806539536,0.3652748465538025,Captured Data
2024-06-15 18:46:47.452570,-1.5766667127609253,5.116666793823242,22.5,0.0,0.0,0.0,0.018714511767029762,0.05158914998173714,0.35482779145240784,Captured Data
2024-06-15 18:46:47.652683,-2.3299999237060547,5.389999866485596,22.5,0.0,0.0,0.0,-0.0017026023706421256,0.06451554596424103,0.3445794880390167,Captured Data
2024-06-15 18:46:47.851921,-2.190000057220459,4.639999866485596,22.5,0.0,0.0,0.0,-0.017987588420510292,0.07295536249876022,0.3368264138698578,Captured Data
2024-06-15 18:46:48.052118,-0.5299999713897705,3.549999952316284,22.5,0.0,0.0,0.0,-0.027359530329704285,0.07436706870794296,0.3350059688091278,Captured Data
2024-06-15 18:46:48.252230,1.8799999952316284,3.0,22.5,0.0,0.0,0.0,-0.02439982071518898,0.06758227944374084,0.3405703008174896,Captured Data
2024-06-15 18:46:48.452344,2.986666679382324,3.2733333110809326,22.5,0.0,0.0,0.0,-0.0033207715023308992,0.05766211077570915,0.34900352358818054,Captured Data
2024-06-15 18:46:48.652459,3.609999895095825,3.683333396911621,22.5,0.0,0.0,0.0,0.022748395800590515,0.05256938561797142,0.3533289432525635,Captured Data
2024-06-15 18:46:48.852657,3.75,4.230000019073486,22.5,0.0,0.0,0.0,0.0405765175819397,0.05362667515873909,0.352308452129364,Captured Data
2024-06-15 18:46:49.051870,2.359999895095825,4.559999942779541,22.5,0.0,0.0,0.0,0.05024055019021034,0.05828345939517021,0.34888097643852234,Captured Data
2024-06-15 18:46:49.251984,-0.10999999940395355,3.6700000762939453,22.5,0.0,0.0,0.0,0.04927940294146538,0.06339908391237259,0.344916969537735,Captured Data
2024-06-15 18:46:49.452312,-2.5299999713897705,1.3600000143051147,22.5,0.0,0.0,0.0,0.02986425906419754,0.0636940598487854,0.34511327743530273,Captured Data
2024-06-15 18:46:49.652427,-3.2033333778381348,-0.753333330154419,22.5,0.0,0.0,0.0,-0.0034588847775012255,0.04817063733935356,0.3573874533176422,Captured Data
2024-06-15 18:46:49.852540,-3.2799999713897705,-2.7166666984558105,22.5,0.0,0.0,0.0,-0.03127380833029747,0.022694367915391922,0.36591285467147827,Captured Data
2024-06-15 18:46:50.051821,-2.759999990463257,-4.53000020980835,22.5,0.0,0.0,0.0,-0.04386105760931969,-0.005344203673303127,0.3587656021118164,Captured Data
2024-06-15 18:46:50.252030,-1.1100000143051147,-5.070000171661377,22.5,0.0,0.0,0.0,-0.04582509770989418,-0.0348704531788826,0.3498535752296448,Captured Data
2024-06-15 18:46:50.452142,0.15000000596046448,-3.0799999237060547,22.5,0.0,0.0,0.0,-0.036247286945581436,-0.059751126915216446,0.34757813811302185,Captured Data
2024-06-15 18:46:50.652256,0.4699999988079071,0.05999999865889549,22.5,0.0,0.0,0.0,-0.017324192449450493,-0.06354872137308121,0.3582412004470825,Captured Data
2024-06-15 18:46:50.852370,0.2566666603088379,2.1466667652130127,22.5,0.0,0.0,0.0,-0.0021324099507182837,-0.038669075816869736,0.37387609481811523,Captured Data
2024-06-15 18:46:51.052599,-0.009999999776482582,3.859999895095825,22.5,0.0,0.0,0.0,0.003582206554710865,-0.003169531235471368,0.3797409236431122,Captured Data
2024-06-15 18:46:51.251751,-0.33000001311302185,5.199999809265137,22.5,0.0,0.0,0.0,0.003452981123700738,0.027365248650312424,0.3684975504875183,Captured Data
2024-06-15 18:46:51.451867,-0.8600000143051147,5.429999828338623,22.5,0.0,0.0,0.0,3.623479642556049e-06,0.05264608561992645,0.35204917192459106,Captured Data
2024-06-15 18:46:51.652181,-1.3200000524520874,4.489999771118164,22.5,0.0,0.0,0.0,-0.004449086729437113,0.06910936534404755,0.3401735723018646,Captured Data
2024-06-15 18:46:51.852296,-1.8899999856948853,3.4800000190734863,22.5,0.0,0.0,0.0,-0.011211960576474667,0.0727192610502243,0.3369417190551758,Captured Data
2024-06-15 18:46:52.052411,-2.323333263397217,3.0999999046325684,22.5,0.0,0.0,0.0,-0.019285982474684715,0.06548357754945755,0.34195488691329956,Captured Data
2024-06-15 18:46:52.252523,-2.630000114440918,2.8399999141693115,22.5,0.0,0.0,0.0,-0.027492500841617584,0.05657023563981056,0.3488219380378723,Captured Data
2024-06-15 18:46:52.452637,-2.809999942779541,2.700000047683716,22.5,0.0,0.0,0.0,-0.03425275534391403,0.05056530237197876,0.3533378839492798,Captured Data
2024-06-15 18:46:52.651853,-1.8200000524520874,2.5399999618530273,22.5,0.0,0.0,0.0,-0.039466843008995056,0.04651101306080818,0.356793612241745,Captured Data
2024-06-15 18:46:52.852064,0.7099999785423279,2.259999990463257,22.5,0.0,0.0,0.0,-0.038995444774627686,0.044025812298059464,0.3593575060367584,Captured Data
2024-06-15 18:46:53.052178,3.359999895095825,2.2699999809265137,22.5,0.0,0.0,0.0,-0.02050330862402916,0.04101846367120743,0.36219286918640137,Captured Data
2024-06-15 18:46:53.252378,4.480000019073486,2.549999952316284,22.5,0.0,0.0,0.0,0.012610192410647869,0.03808361664414406,0.36486461758613586,Captured Data
2024-06-15 18:46:53.452493,4.953333377838135,2.9633333683013916,22.5,0.0,0.0,0.0,0.04475667327642441,0.03840891644358635,0.36466675996780396,Captured Data
2024-06-15 18:46:53.652606,4.78000020980835,3.509999990463257,22.5,0.0,0.0,0.0,0.0636759027838707,0.04195922985672951,0.36142510175704956,Captured Data
2024-06-15 18:46:53.852720,2.3399999141693115,4.28000020980835,22.5,0.0,0.0,0.0,0.07157406210899353,0.04774513468146324,0.35694780945777893,Captured Data
2024-06-15 18:46:54.051833,-0.4699999988079071,5.059999942779541,22.5,0.0,0.0,0.0,0.06416747719049454,0.05483347550034523,0.3523043394088745,Captured Data
2024-06-15 18:46:54.251947,-2.319999933242798,5.889999866485596,22.5,0.0,0.0,0.0,0.03555465117096901,0.06420102715492249,0.34628763794898987,Captured Data
2024-06-15 18:46:54.452625,-2.7799999713897705,6.409999847412109,22.5,0.0,0.0,0.0,0.0018808851018548012,0.07405301928520203,0.33770233392715454,Captured Data
2024-06-15 18:46:54.651738,-2.9066667556762695,6.789999961853027,22.5,0.0,0.0,0.0,-0.021995820105075836,0.08321397006511688,0.32890185713768005,Captured Data
2024-06-15 18:46:54.851850,-2.700000047683716,7.03000020980835,22.5,0.0,0.0,0.0,-0.03303602710366249,0.08975976705551147,0.32229554653167725,Captured Data
2024-06-15 18:46:55.051966,-1.8700000047683716,6.380000114440918,22.5,0.0,0.0,0.0,-0.03625698387622833,0.09419403970241547,0.31818267703056335,Captured Data
2024-06-15 18:46:55.252078,-1.0199999809265137,4.679999828338623,22.5,0.0,0.0,0.0,-0.03488287702202797,0.09518354386091232,0.31773704290390015,Captured Data
2024-06-15 18:46:55.452193,-0.2199999988079071,2.5899999141693115,22.5,0.0,0.0,0.0,-0.02683633379638195,0.08672159910202026,0.3249931037425995,Captured Data
2024-06-15 18:46:55.652408,0.31333333253860474,1.309999942779541,22.5,0.0,0.0,0.0,-0.016161197796463966,0.06699788570404053,0.3412337899208069,Captured Data
2024-06-15 18:46:55.851722,0.8266666531562805,0.2266666740179062,22.5,0.0,0.0,0.0,-0.005745938513427973,0.04519087076187134,0.3590830862522125,Captured Data
2024-06-15 18:46:56.051957,1.3200000524520874,-0.6600000262260437,22.5,0.0,0.0,0.0,0.004191142972558737,0.02497190609574318,0.37446263432502747,Captured Data
2024-06-15 18:46:56.252149,1.8300000429153442,-1.159999966621399,22.5,0.0,0.0,0.0,0.012407938949763775,0.007838740013539791,0.37993887066841125,Captured Data
2024-06-15 18:46:56.452379,1.899999976158142,-0.8899999856948853,22.5,0.0,0.0,0.0,0.020511455833911896,-0.006092379800975323,0.3744993209838867,Captured Data
2024-06-15 18:46:56.652569,1.2899999618530273,-0.5799999833106995,22.5,0.0,0.0,0.0,0.025847846642136574,-0.012479360215365887,0.36934804916381836,Captured Data
2024-06-15 18:46:56.852684,0.4166666567325592,-1.0466666221618652,22.5,0.0,0.0,0.0,0.02623533271253109,-0.012586010619997978,0.36974531412124634,Captured Data
2024-06-15 18:46:57.051948,-0.6633333563804626,-1.909999966621399,22.5,0.0,0.0,0.0,0.019820919260382652,-0.013017149642109871,0.37518033385276794,Captured Data
2024-06-15 18:46:57.252257,-1.9500000476837158,-3.1700000762939453,22.5,0.0,0.0,0.0,0.006850028410553932,-0.020489836111664772,0.3782626986503601,Captured Data
2024-06-15 18:46:57.452469,-3.4800000190734863,-5.409999847412109,22.5,0.0,0.0,0.0,-0.008646100759506226,-0.03308769315481186,0.3716411590576172,Captured Data
2024-06-15 18:46:57.652581,-3.2899999618530273,-6.53000020980835,22.5,0.0,0.0,0.0,-0.027925241738557816,-0.050980426371097565,0.355739027261734,Captured Data
2024-06-15 18:46:57.851906,-1.5099999904632568,-5.429999828338623,22.5,0.0,0.0,0.0,-0.04139397293329239,-0.07239121943712234,0.338947057723999,Captured Data
2024-06-15 18:46:58.052018,-0.44999998807907104,-3.4166667461395264,22.5,0.0,0.0,0.0,-0.039059482514858246,-0.08324329555034637,0.3362674415111542,Captured Data
2024-06-15 18:46:58.252344,0.2266666740179062,-1.1200000047683716,22.5,0.0,0.0,0.0,-0.024105796590447426,-0.07553011178970337,0.3492595851421356,Captured Data
2024-06-15 18:46:58.452459,0.5199999809265137,1.4600000381469727,22.5,0.0,0.0,0.0,-0.009598380886018276,-0.051940932869911194,0.36622506380081177,Captured Data
2024-06-15 18:46:58.652572,-0.09000000357627869,5.079999923706055,22.5,0.0,0.0,0.0,0.00046543520875275135,-0.018085317686200142,0.3774116635322571,Captured Data
2024-06-15 18:46:58.851728,-1.0299999713897705,7.880000114440918,22.5,0.0,0.0,0.0,0.0032671450171619654,0.02113289013504982,0.3696066439151764,Captured Data
2024-06-15 18:46:59.051936,-1.940000057220459,10.109999656677246,22.5,0.0,0.0,0.0,-0.001640354748815298,0.062130142003297806,0.3441581130027771,Captured Data
2024-06-15 18:46:59.252152,-2.493333339691162,11.123332977294922,22.5,0.0,0.0,0.0,-0.011273049749433994,0.0973682776093483,0.3171732425689697,Captured Data
2024-06-15 18:46:59.452266,-2.946666717529297,11.816666603088379,22.5,0.0,0.0,0.0,-0.020905235782265663,0.12104249745607376,0.2977258563041687,Captured Data
2024-06-15 18:46:59.652380,-3.299999952316284,12.1899995803833,22.5,0.0,0.0,0.0,-0.028287727385759354,0.13461680710315704,0.2858083248138428,Captured Data
2024-06-15 18:46:59.852494,-3.4000000953674316,11.720000267028809,22.5,0.0,0.0,0.0,-0.033649493008852005,0.1420910805463791,0.2786336839199066,Captured Data
2024-06-15 18:47:00.052607,-3.0399999618530273,10.380000114440918,22.5,0.0,0.0,0.0,-0.03722574561834335,0.1444254070520401,0.27595964074134827,Captured Data
2024-06-15 18:47:00.252122,-2.369999885559082,8.789999961853027,22.5,0.0,0.0,0.0,-0.03848465159535408,0.1410071700811386,0.2785865366458893,Captured Data
2024-06-15 18:47:00.452257,-1.8700000047683716,7.730000019073486,22.5,0.0,0.0,0.0,-0.03712623938918114,0.1305837482213974,0.2873390316963196,Captured Data
2024-06-15 18:47:00.652371,-1.4733333587646484,6.693333148956299,22.5,0.0,0.0,0.0,-0.032741423696279526,0.11889777332544327,0.2980027198791504,Captured Data
2024-06-15 18:47:00.852484,-1.1799999475479126,5.679999828338623,22.5,0.0,0.0,0.0,-0.027527496218681335,0.10748395323753357,0.3080633878707886,Captured Data
2024-06-15 18:47:01.051791,-0.9800000190734863,4.239999771118164,22.5,0.0,0.0,0.0,-0.02299364283680916,0.09621068835258484,0.3176484704017639,Captured Data
2024-06-15 18:47:01.251905,-0.8399999737739563,3.1500000953674316,22.5,0.0,0.0,0.0,-0.019497644156217575,0.08185119181871414,0.32911747694015503,Captured Data
2024-06-15 18:47:01.452018,-0.3100000023841858,2.759999990463257,22.5,0.0,0.0,0.0,-0.016874300315976143,0.0665445551276207,0.34142374992370605,Captured Data
2024-06-15 18:47:01.652267,0.3033333420753479,2.880000114440918,22.5,0.0,0.0,0.0,-0.013058952055871487,0.05431613326072693,0.35120970010757446,Captured Data
2024-06-15 18:47:01.852381,0.9066666960716248,3.0433332920074463,22.5,0.0,0.0,0.0,-0.00582449184730649,0.04844670370221138,0.3558501899242401,Captured Data
2024-06-15 18:47:02.052692,1.5,3.25,22.5,0.0,0.0,0.0,0.0033475132659077644,0.047669459134340286,0.35670509934425354,Captured Data
2024-06-15 18:47:02.251903,1.909999966621399,3.069999933242798,22.5,0.0,0.0,0.0,0.01279513444751501,0.04917723312973976,0.3559034764766693,Captured Data
2024-06-15 18:47:02.452017,1.7899999618530273,2.069999933242798,22.5,0.0,0.0,0.0,0.02097439020872116,0.04998375102877617,0.3555527925491333,Captured Data
2024-06-15 18:47:02.652221,1.1100000143051147,-0.20000000298023224,22.5,0.0,0.0,0.0,0.02598395384848118,0.04529812932014465,0.35908785462379456,Captured Data
2024-06-15 18:47:02.852336,0.11666666716337204,-2.18666672706604,22.5,0.0,0.0,0.0,0.025426683947443962,0.02805265039205551,0.37013012170791626,Captured Data
2024-06-15 18:47:03.052637,-0.753333330154419,-3.693333387374878,22.5,0.0,0.0,0.0,0.01626424491405487,-0.0006271929596550763,0.3784458637237549,Captured Data
2024-06-15 18:47:03.251944,-1.5,-4.71999979019165,22.5,0.0,0.0,0.0,0.002931676572188735,-0.028990115970373154,0.3762173354625702,Captured Data
2024-06-15 18:47:03.452058,-1.340000033378601,-3.4100000858306885,22.5,0.0,0.0,0.0,-0.009893056936562061,-0.05184120312333107,0.3658648431301117,Captured Data
2024-06-15 18:47:03.652270,-0.3799999952316284,-0.03999999910593033,22.5,0.0,0.0,0.0,-0.017347143962979317,-0.05985204875469208,0.35874101519584656,Captured Data
2024-06-15 18:47:03.852477,0.3700000047683716,3.309999942779541,22.5,0.0,0.0,0.0,-0.015588464215397835,-0.03843778371810913,0.36940234899520874,Captured Data
2024-06-15 18:47:04.052592,0.3033333420753479,4.676666736602783,22.5,0.0,0.0,0.0,-0.007472257595509291,0.0004342572938185185,0.3781079649925232,Captured Data
2024-06-15 18:47:04.252705,-0.07333333045244217,5.606666564941406,22.5,0.0,0.0,0.0,-0.0007448442629538476,0.035957105457782745,0.3630124628543854,Captured Data
2024-06-15 18:47:04.451899,-0.7599999904632568,6.099999904632568,22.5,0.0,0.0,0.0,0.0008250192040577531,0.06030154973268509,0.34581664204597473,Captured Data
2024-06-15 18:47:04.652014,-2.180000066757202,5.329999923706055,22.5,0.0,0.0,0.0,-0.0023270277306437492,0.076113261282444,0.33424606919288635,Captured Data
2024-06-15 18:47:04.852127,-3.5999999046325684,3.950000047683716,22.5,0.0,0.0,0.0,-0.013242488726973534,0.0813596099615097,0.32983940839767456,Captured Data
2024-06-15 18:47:05.052240,-4.53000020980835,3.1500000953674316,22.5,0.0,0.0,0.0,-0.031861551105976105,0.07435575872659683,0.3351791799068451,Captured Data
2024-06-15 18:47:05.252354,-4.849999904632568,3.3299999237060547,22.5,0.0,0.0,0.0,-0.051018450409173965,0.06207447126507759,0.34464478492736816,Captured Data
2024-06-15 18:47:05.451768,-5.003333568572998,3.886666774749756,22.5,0.0,0.0,0.0,-0.06479166448116302,0.05462566018104553,0.3505164086818695,Captured Data
2024-06-15 18:47:05.652005,-4.989999771118164,4.820000171661377,22.5,0.0,0.0,0.0,-0.07134442776441574,0.05502216890454292,0.3498353660106659,Captured Data
2024-06-15 18:47:05.852206,-4.730000019073486,6.559999942779541,22.5,0.0,0.0,0.0,-0.0730428397655487,0.061395063996315,0.343929260969162,Captured Data
2024-06-15 18:47:06.052438,-4.699999809265137,7.690000057220459,22.5,0.0,0.0,0.0,-0.07217593491077423,0.0745173990726471,0.3326842784881592,Captured Data
2024-06-15 18:47:06.252752,-5.039999961853027,7.630000114440918,22.5,0.0,0.0,0.0,-0.0689937174320221,0.0896800234913826,0.3201046884059906,Captured Data
2024-06-15 18:47:06.451978,-5.133333206176758,6.789999961853027,22.5,0.0,0.0,0.0,-0.06777280569076538,0.09949885308742523,0.31136757135391235,Captured Data
2024-06-15 18:47:06.652093,-4.909999847412109,5.836666584014893,22.5,0.0,0.0,0.0,-0.06847776472568512,0.10011845827102661,0.31069061160087585,Captured Data
2024-06-15 18:47:06.852295,-4.369999885559082,4.769999980926514,22.5,0.0,0.0,0.0,-0.06940427422523499,0.09383338689804077,0.3158566951751709,Captured Data
2024-06-15 18:47:07.052407,-2.4000000953674316,3.430000066757202,22.5,0.0,0.0,0.0,-0.06880352646112442,0.0832633376121521,0.32501694560050964,Captured Data
2024-06-15 18:47:07.252522,0.10999999940395355,2.5899999141693115,22.5,0.0,0.0,0.0,-0.05916770175099373,0.07070723921060562,0.3363829553127289,Captured Data
2024-06-15 18:47:07.452634,2.5,2.0799999237060547,22.5,0.0,0.0,0.0,-0.034169089049100876,0.05649499222636223,0.34961122274398804,Captured Data
2024-06-15 18:47:07.651748,3.5266666412353516,1.846666693687439,22.5,0.0,0.0,0.0,-0.00028629510779865086,0.04515242576599121,0.3599224388599396,Captured Data
2024-06-15 18:47:07.851975,3.9833333492279053,1.7000000476837158,22.5,0.0,0.0,0.0,0.03147274628281593,0.03689758479595184,0.3666061758995056,Captured Data
2024-06-15 18:47:08.052286,3.869999885559082,1.6399999856948853,22.5,0.0,0.0,0.0,0.05088617280125618,0.032130900770425797,0.3672064542770386,Captured Data
2024-06-15 18:47:08.252400,1.0299999713897705,2.180000066757202,22.5,0.0,0.0,0.0,0.05828874930739403,0.02935693971812725,0.364599347114563,Captured Data
2024-06-15 18:47:08.452804,-1.2100000381469727,2.746666669845581,22.5,0.0,0.0,0.0,0.04986671730875969,0.029903845861554146,0.3659614026546478,Captured Data
2024-06-15 18:47:08.652032,-2.8499999046325684,3.3399999141693115,22.5,0.0,0.0,0.0,0.020294465124607086,0.03534369170665741,0.36675897240638733,Captured Data
2024-06-15 18:47:08.852147,-3.450000047683716,3.9733333587646484,22.5,0.0,0.0,0.0,-0.01127473171800375,0.04314880073070526,0.36127349734306335,Captured Data
2024-06-15 18:47:09.052431,-2.7033333778381348,3.736666679382324,22.5,0.0,0.0,0.0,-0.03422246873378754,0.05141183361411095,0.35403329133987427,Captured Data
2024-06-15 18:47:09.252545,-1.1299999952316284,2.549999952316284,22.5,0.0,0.0,0.0,-0.04240026697516441,0.05670514702796936,0.349165141582489,Captured Data
2024-06-15 18:47:09.452660,-0.44999998807907104,1.9299999475479126,22.5,0.0,0.0,0.0,-0.03629964962601662,0.053145114332437515,0.3519494831562042,Captured Data
2024-06-15 18:47:09.651772,-0.10999999940395355,1.6200000047683716,22.5,0.0,0.0,0.0,-0.02166423574090004,0.04271654412150383,0.36023399233818054,Captured Data
2024-06-15 18:47:09.851886,2.609999895095825,-0.9399999976158142,22.5,0.0,0.0,0.0,-0.011125287972390652,0.03437212482094765,0.366741806268692,Captured Data
2024-06-15 18:47:10.052108,2.8399999141693115,-1.2599999904632568,22.5,0.0,0.0,0.0,0.007561919745057821,0.0183685552328825,0.37030670046806335,Captured Data
2024-06-15 18:47:10.252320,2.373333215713501,-0.8999999761581421,22.5,0.0,0.0,0.0,0.029990630224347115,-0.0027409298345446587,0.3649813234806061,Captured Data
2024-06-15 18:47:10.452522,1.440000057220459,-0.18000000715255737,22.5,0.0,0.0,0.0,0.037027254700660706,-0.01195969432592392,0.36093857884407043,Captured Data
2024-06-15 18:47:10.652645,0.3499999940395355,0.550000011920929,22.5,0.0,0.0,0.0,0.03340001404285431,-0.010516425594687462,0.3653734624385834,Captured Data
2024-06-15 18:47:10.851759,-1.8300000429153442,2.009999990463257,22.5,0.0,0.0,0.0,0.02210100181400776,-0.0011156799737364054,0.37780213356018066,Captured Data
2024-06-15 18:47:11.052169,-1.8300000429153442,2.009999990463257,22.5,0.0,0.0,0.0,0.003639699425548315,0.012304572388529778,0.3816891014575958,Captured Data
2024-06-15 18:47:11.252382,-2.816666603088379,2.6433334350585938,22.5,0.0,0.0,0.0,-0.016261111944913864,0.02530689910054207,0.3748292922973633,Captured Data
2024-06-15 18:47:11.452498,-4.789999961853027,3.9100000858306885,22.5,0.0,0.0,0.0,-0.029034266248345375,0.03319542482495308,0.3684983551502228,Captured Data
2024-06-15 18:47:11.651835,-4.440000057220459,3.6500000953674316,22.5,0.0,0.0,0.0,-0.046761054545640945,0.04416940361261368,0.3591686189174652,Captured Data
2024-06-15 18:47:11.852070,-4.106666564941406,3.75,22.5,0.0,0.0,0.0,-0.06188724562525749,0.0537017397582531,0.35098758339881897,Captured Data
2024-06-15 18:47:12.052408,-3.5833332538604736,4.046666622161865,22.5,0.0,0.0,0.0,-0.06392884999513626,0.05592554062604904,0.3487487733364105,Captured Data
