Time,Roll (rad),Pitch (rad),Yaw (rad),Heave,Sway,Surge,fkRoll (deg),fkPitch (deg),fkYaw (deg)
2024-06-15 20:32:24.757636,0.4300000071525574,-2.430000066757202,22.5,0.0,0.0,0.0,-0.0005244833300821483,-0.0012393599608913064,-9.456127372686751e-06,Captured Data
2024-06-15 20:32:24.957754,0.4300000071525574,-2.430000066757202,22.5,0.0,0.0,0.0,-0.0005244833300821483,-0.0012393599608913064,-9.456127372686751e-06,Captured Data
2024-06-15 20:32:25.157981,-1.3233333826065063,-1.9566667079925537,22.5,0.0,0.0,0.0,9.590553418092895e-06,0.000362738297553733,-0.00011663665645755827,Captured Data
2024-06-15 20:32:25.358097,-4.829999923706055,-1.0099999904632568,22.5,0.0,0.0,0.0,0.0006005128961987793,0.0019681360572576523,-0.0001941755908774212,Captured Data
2024-06-15 20:32:25.558216,-7.159999847412109,1.0399999618530273,22.5,0.0,0.0,0.0,0.0011676563881337643,0.0034089391119778156,-0.00021766856661997736,Captured Data
2024-06-15 20:32:25.758544,-6.929999828338623,1.8233333826065063,22.5,0.0,0.0,0.0,-0.00438937870785594,0.009878464043140411,0.0033782552927732468,Captured Data
2024-06-15 20:32:25.957660,-6.46999979019165,3.390000104904175,22.5,0.0,0.0,0.0,-0.01692141219973564,0.02357395552098751,0.01207907684147358,Captured Data
2024-06-15 20:32:26.157895,-4.809999942779541,3.799999952316284,22.5,0.0,0.0,0.0,-0.029568001627922058,0.03758591413497925,0.021538149565458298,Captured Data
2024-06-15 20:32:26.358012,-4.328333377838135,3.8350000381469727,22.5,0.0,0.0,0.0,-0.0418279692530632,0.04580552130937576,0.03442566096782684,Captured Data
2024-06-15 20:32:26.558131,-1.9199999570846558,4.010000228881836,22.5,0.0,0.0,0.0,-0.0424654483795166,0.0492439828813076,0.059354476630687714,Captured Data
2024-06-15 20:32:26.758248,-1.9199999570846558,4.010000228881836,22.5,0.0,0.0,0.0,-0.03445975482463837,0.049868423491716385,0.09361822158098221,Captured Data
2024-06-15 20:32:26.958366,-1.3899999856948853,4.296666622161865,22.5,0.0,0.0,0.0,-0.021940991282463074,0.049750447273254395,0.1362413913011551,Captured Data
2024-06-15 20:32:27.158483,1.2599999904632568,5.730000019073486,22.5,0.0,0.0,0.0,-0.016990747302770615,0.050292450934648514,0.18228361010551453,Captured Data
2024-06-15 20:32:27.357691,1.2599999904632568,5.730000019073486,22.5,0.0,0.0,0.0,-0.004395419266074896,0.053776685148477554,0.2313736081123352,Captured Data
2024-06-15 20:32:27.557809,1.7633333206176758,5.570000171661377,22.5,0.0,0.0,0.0,0.011477713473141193,0.061151597648859024,0.27584201097488403,Captured Data
2024-06-15 20:32:27.757926,2.7699999809265137,5.25,22.5,0.0,0.0,0.0,0.01908421330153942,0.07102523744106293,0.3049650192260742,Captured Data
2024-06-15 20:32:27.958044,1.9700000286102295,3.880000114440918,22.5,0.0,0.0,0.0,0.027687113732099533,0.0779871940612793,0.3233828842639923,Captured Data
2024-06-15 20:32:28.158305,1.6200000047683716,3.448333263397217,22.5,0.0,0.0,0.0,0.03214764967560768,0.07404549419879913,0.3358912169933319,Captured Data
2024-06-15 20:32:28.358423,-0.12999999523162842,1.2899999618530273,22.5,0.0,0.0,0.0,0.030077969655394554,0.06360889226198196,0.34523019194602966,Captured Data
2024-06-15 20:32:28.558608,-0.12999999523162842,1.2899999618530273,22.5,0.0,0.0,0.0,0.019338367506861687,0.04700508713722229,0.35757139325141907,Captured Data
2024-06-15 20:32:28.757730,-0.23000000417232513,-0.8799999952316284,22.5,0.0,0.0,0.0,0.0059236278757452965,0.030361607670783997,0.3703950047492981,Captured Data
2024-06-15 20:32:28.957847,0.7799999713897705,-1.590000033378601,22.5,0.0,0.0,0.0,-0.00027532977401278913,0.013565956614911556,0.3800092041492462,Captured Data
2024-06-15 20:32:29.157965,0.7799999713897705,-1.590000033378601,22.5,0.0,0.0,0.0,0.002860671142116189,-0.007480527274310589,0.38253289461135864,Captured Data
2024-06-15 20:32:29.358080,0.5600000023841858,-1.5166666507720947,22.5,0.0,0.0,0.0,0.009760281071066856,-0.01908707059919834,0.37792083621025085,Captured Data
2024-06-15 20:32:29.558199,0.44999998807907104,-1.4800000190734863,22.5,0.0,0.0,0.0,0.010990828275680542,-0.022517437115311623,0.37667614221572876,Captured Data
2024-06-15 20:32:29.758316,-1.909999966621399,-0.699999988079071,22.5,0.0,0.0,0.0,0.010484343394637108,-0.023507805541157722,0.37733399868011475,Captured Data
2024-06-15 20:32:29.958433,-3.0899999141693115,-0.3100000023841858,22.5,0.0,0.0,0.0,0.0006739661912433803,-0.02193397283554077,0.37814655900001526,Captured Data
2024-06-15 20:32:30.158552,-3.4200000762939453,1.190000057220459,22.5,0.0,0.0,0.0,-0.022172510623931885,-0.013921058736741543,0.3725132346153259,Captured Data
2024-06-15 20:32:30.357669,-3.4200000762939453,1.190000057220459,22.5,0.0,0.0,0.0,-0.03993494063615799,-0.0011843439424410462,0.36576253175735474,Captured Data
2024-06-15 20:32:30.557786,-2.2066667079925537,2.0833332538604736,22.5,0.0,0.0,0.0,-0.04864375293254852,0.012248529121279716,0.3634473979473114,Captured Data
2024-06-15 20:32:30.757904,-1.600000023841858,2.5299999713897705,22.5,0.0,0.0,0.0,-0.04742817580699921,0.02142055332660675,0.36462512612342834,Captured Data
2024-06-15 20:32:30.958021,-0.8299999833106995,2.319999933242798,22.5,0.0,0.0,0.0,-0.038160115480422974,0.031883906573057175,0.36549484729766846,Captured Data
2024-06-15 20:32:31.158139,-1.0800000429153442,1.6100000143051147,22.5,0.0,0.0,0.0,-0.027125198394060135,0.0370117723941803,0.36387258768081665,Captured Data
2024-06-15 20:32:31.358258,-1.0800000429153442,1.6100000143051147,22.5,0.0,0.0,0.0,-0.020467448979616165,0.03449850156903267,0.3665616512298584,Captured Data
2024-06-15 20:32:31.558511,-2.0199999809265137,0.9399999976158142,22.5,0.0,0.0,0.0,-0.019869009032845497,0.029817290604114532,0.370272159576416,Captured Data
2024-06-15 20:32:31.757709,-2.3299999237060547,1.149999976158142,22.5,0.0,0.0,0.0,-0.02288704924285412,0.024531345814466476,0.37348517775535583,Captured Data
2024-06-15 20:32:31.957828,-2.950000047683716,1.5700000524520874,22.5,0.0,0.0,0.0,-0.030312947928905487,0.019697386771440506,0.37436577677726746,Captured Data
2024-06-15 20:32:32.157946,-3.4633333683013916,2.509999990463257,22.5,0.0,0.0,0.0,-0.037952031940221786,0.021228574216365814,0.3721603453159332,Captured Data
2024-06-15 20:32:32.358186,-3.683333396911621,3.2066667079925537,22.5,0.0,0.0,0.0,-0.045675721019506454,0.028357816860079765,0.3684881329536438,Captured Data
2024-06-15 20:32:32.558452,-3.609999895095825,3.6600000858306885,22.5,0.0,0.0,0.0,-0.051914412528276443,0.03901471197605133,0.3625267446041107,Captured Data
2024-06-15 20:32:32.758570,-3.0199999809265137,3.7166666984558105,22.5,0.0,0.0,0.0,-0.05420472100377083,0.04815118759870529,0.3555784821510315,Captured Data
2024-06-15 20:32:32.957687,-1.840000033378601,3.8299999237060547,22.5,0.0,0.0,0.0,-0.053152989596128464,0.053942907601594925,0.3506512939929962,Captured Data
2024-06-15 20:32:33.157805,-0.8399999737739563,3.690000057220459,22.5,0.0,0.0,0.0,-0.04493359476327896,0.05691611021757126,0.34841325879096985,Captured Data
2024-06-15 20:32:33.358040,-1.2733333110809326,3.6433334350585938,22.5,0.0,0.0,0.0,-0.029795194044709206,0.05797075852751732,0.34805595874786377,Captured Data
2024-06-15 20:32:33.558236,-1.4900000095367432,3.619999885559082,22.5,0.0,0.0,0.0,-0.021661240607500076,0.05743687227368355,0.3487347960472107,Captured Data
2024-06-15 20:32:33.758428,-2.1700000762939453,3.2300000190734863,22.5,0.0,0.0,0.0,-0.021589236333966255,0.05727510154247284,0.34878066182136536,Captured Data
2024-06-15 20:32:33.958545,-2.8499999046325684,2.8399999141693115,22.5,0.0,0.0,0.0,-0.024337558075785637,0.055222079157829285,0.3503037989139557,Captured Data
2024-06-15 20:32:34.157663,-2.2733333110809326,2.109999895095825,22.5,0.0,0.0,0.0,-0.03291982039809227,0.05078873783349991,0.3536734879016876,Captured Data
2024-06-15 20:32:34.357780,-1.1200000047683716,0.6499999761581421,22.5,0.0,0.0,0.0,-0.03779515624046326,0.04392493888735771,0.3593522906303406,Captured Data
2024-06-15 20:32:34.557898,0.46000000834465027,0.7233333587646484,22.5,0.0,0.0,0.0,-0.03296487033367157,0.030423058196902275,0.3705221116542816,Captured Data
2024-06-15 20:32:34.758016,1.25,0.7599999904632568,22.5,0.0,0.0,0.0,-0.01594332605600357,0.018188970163464546,0.38022616505622864,Captured Data
2024-06-15 20:32:34.958134,2.440000057220459,1.6100000143051147,22.5,0.0,0.0,0.0,0.0031871830578893423,0.014654730446636677,0.3828662633895874,Captured Data
2024-06-15 20:32:35.158331,3.630000114440918,2.4600000381469727,22.5,0.0,0.0,0.0,0.02012605220079422,0.01768522523343563,0.3800964057445526,Captured Data
2024-06-15 20:32:35.358554,3.7066667079925537,2.371666669845581,22.5,0.0,0.0,0.0,0.038043320178985596,0.0275085661560297,0.3722691535949707,Captured Data
2024-06-15 20:32:35.557816,4.090000152587891,1.9299999475479126,22.5,0.0,0.0,0.0,0.05063703656196594,0.035027723759412766,0.36599230766296387,Captured Data
2024-06-15 20:32:35.758038,4.090000152587891,1.9299999475479126,22.5,0.0,0.0,0.0,0.05769026651978493,0.0354592427611351,0.3645102083683014,Captured Data
2024-06-15 20:32:35.958154,2.053333282470703,-5.706546346573305e-14,22.5,0.0,0.0,0.0,0.06222304701805115,0.03314950689673424,0.36369800567626953,Captured Data
2024-06-15 20:32:36.158272,-2.0199999809265137,-3.859999895095825,22.5,0.0,0.0,0.0,0.05547233298420906,0.022706255316734314,0.3661881387233734,Captured Data
2024-06-15 20:32:36.358505,-3.926666736602783,-3.373333215713501,22.5,0.0,0.0,0.0,0.025344181805849075,-0.007807060144841671,0.37004518508911133,Captured Data
2024-06-15 20:32:36.558623,-4.986666679382324,-2.2100000381469727,22.5,0.0,0.0,0.0,-0.016257334500551224,-0.038213975727558136,0.3591359555721283,Captured Data
2024-06-15 20:32:36.757740,-5.199999809265137,-0.3700000047683716,22.5,0.0,0.0,0.0,-0.046058811247348785,-0.04104217141866684,0.345145046710968,Captured Data
2024-06-15 20:32:36.957857,-4.443333148956299,1.0333333015441895,22.5,0.0,0.0,0.0,-0.06386369466781616,-0.02791716530919075,0.33927738666534424,Captured Data
2024-06-15 20:32:37.157978,-2.930000066757202,3.8399999141693115,22.5,0.0,0.0,0.0,-0.0709884762763977,-0.007442269939929247,0.3423805832862854,Captured Data
2024-06-15 20:32:37.358094,-2.930000066757202,3.8399999141693115,22.5,0.0,0.0,0.0,-0.06419029086828232,0.020215220749378204,0.3504011332988739,Captured Data
2024-06-15 20:32:37.558363,-1.25,3.9200000762939453,22.5,0.0,0.0,0.0,-0.05282537266612053,0.04512735828757286,0.35000336170196533,Captured Data
2024-06-15 20:32:37.758570,-1.7266666889190674,3.2166666984558105,22.5,0.0,0.0,0.0,-0.04023714363574982,0.05534246936440468,0.3482624888420105,Captured Data
2024-06-15 20:32:37.957688,-2.680000066757202,1.809999942779541,22.5,0.0,0.0,0.0,-0.029900487512350082,0.05598008260130882,0.34914469718933105,Captured Data
2024-06-15 20:32:38.157805,-4.090000152587891,1.6100000143051147,22.5,0.0,0.0,0.0,-0.03263133019208908,0.046239349991083145,0.35757535696029663,Captured Data
2024-06-15 20:32:38.358081,-4.258333206176758,1.90666663646698,22.5,0.0,0.0,0.0,-0.04571454972028732,0.034775760024785995,0.3636566996574402,Captured Data
2024-06-15 20:32:38.558199,-5.099999904632568,3.390000104904175,22.5,0.0,0.0,0.0,-0.05831010639667511,0.030558539554476738,0.3604157567024231,Captured Data
2024-06-15 20:32:38.758317,-4.166666507720947,4.567777633666992,22.5,0.0,0.0,0.0,-0.06686963140964508,0.036997534334659576,0.35756275057792664,Captured Data
2024-06-15 20:32:38.958526,-3.4200000762939453,5.510000228881836,22.5,0.0,0.0,0.0,-0.0707329660654068,0.05141305550932884,0.35068660974502563,Captured Data
2024-06-15 20:32:39.157643,-3.4200000762939453,5.510000228881836,22.5,0.0,0.0,0.0,-0.06322135776281357,0.06545545160770416,0.3409452736377716,Captured Data
2024-06-15 20:32:39.357760,-2.890000104904175,3.8399999141693115,22.5,0.0,0.0,0.0,-0.05536558851599693,0.0750860646367073,0.33326002955436707,Captured Data
2024-06-15 20:32:39.557957,-2.4700000286102295,-0.05000000074505806,22.5,0.0,0.0,0.0,-0.05094992369413376,0.07281982898712158,0.33516454696655273,Captured Data
2024-06-15 20:32:39.758173,-2.4700000286102295,-0.05000000074505806,22.5,0.0,0.0,0.0,-0.04655506834387779,0.047031547874212265,0.35144713521003723,Captured Data
2024-06-15 20:32:39.958291,-1.2300000190734863,-4.579999923706055,22.5,0.0,0.0,0.0,-0.04217986389994621,0.01696610637009144,0.36295729875564575,Captured Data
2024-06-15 20:32:40.158407,0.7200000286102295,-5.619999885559082,22.5,0.0,0.0,0.0,-0.03507876768708229,-0.012183290906250477,0.3640732765197754,Captured Data
2024-06-15 20:32:40.358525,0.7200000286102295,-5.619999885559082,22.5,0.0,0.0,0.0,-0.017245369032025337,-0.05300455912947655,0.35973066091537476,Captured Data
2024-06-15 20:32:40.557642,2.511666774749756,-2.244999885559082,22.5,0.0,0.0,0.0,0.0005410609301179647,-0.07523693889379501,0.35403475165367126,Captured Data
2024-06-15 20:32:40.757761,2.869999885559082,-1.5700000524520874,22.5,0.0,0.0,0.0,0.015404305420815945,-0.06768283993005753,0.35318049788475037,Captured Data
2024-06-15 20:32:40.957878,2.869999885559082,-1.5700000524520874,22.5,0.0,0.0,0.0,0.032723668962717056,-0.04384484887123108,0.353136271238327,Captured Data
2024-06-15 20:32:41.157995,2.1533334255218506,4.9716668128967285,22.5,0.0,0.0,0.0,0.04102474823594093,-0.03183513507246971,0.3528927266597748,Captured Data
2024-06-15 20:32:41.358114,1.659999966621399,6.196666717529297,22.5,0.0,0.0,0.0,0.042821645736694336,0.0025918283499777317,0.354934424161911,Captured Data
2024-06-15 20:32:41.558231,0.9599999785423279,6.03000020980835,22.5,0.0,0.0,0.0,0.03629402443766594,0.05102315917611122,0.34604907035827637,Captured Data
2024-06-15 20:32:41.758350,0.23333333432674408,4.849999904632568,22.5,0.0,0.0,0.0,0.026192890480160713,0.07570519298315048,0.3340100646018982,Captured Data
2024-06-15 20:32:41.958466,-1.2200000286102295,2.490000009536743,22.5,0.0,0.0,0.0,0.016182875260710716,0.07943136245012283,0.3320547342300415,Captured Data
2024-06-15 20:32:42.157715,-1.2200000286102295,2.490000009536743,22.5,0.0,0.0,0.0,0.0011844048276543617,0.06518612056970596,0.34317129850387573,Captured Data
2024-06-15 20:32:42.357832,-2.5833332538604736,1.7033333778381348,22.5,0.0,0.0,0.0,-0.011930800974369049,0.04886643961071968,0.3561728000640869,Captured Data
2024-06-15 20:32:42.557950,-5.309999942779541,0.12999999523162842,22.5,0.0,0.0,0.0,-0.023938847705721855,0.039172686636447906,0.3640795052051544,Captured Data
2024-06-15 20:32:42.758069,-5.309999942779541,0.12999999523162842,22.5,0.0,0.0,0.0,-0.04698772728443146,0.026164809241890907,0.36330142617225647,Captured Data
2024-06-15 20:32:42.958187,-3.609999895095825,1.346666693687439,22.5,0.0,0.0,0.0,-0.06724964827299118,0.012349195778369904,0.35043394565582275,Captured Data
2024-06-15 20:32:43.158304,-3.2699999809265137,1.590000033378601,22.5,0.0,0.0,0.0,-0.06878247112035751,0.011578435078263283,0.35004863142967224,Captured Data
2024-06-15 20:32:43.358510,1.809999942779541,2.869999885559082,22.5,0.0,0.0,0.0,-0.06047903746366501,0.01922554522752762,0.3585432171821594,Captured Data
2024-06-15 20:32:43.558626,2.0166666507720947,3.303333282470703,22.5,0.0,0.0,0.0,-0.03534771129488945,0.02821442112326622,0.3661627769470215,Captured Data
2024-06-15 20:32:43.757745,2.119999885559082,3.5199999809265137,22.5,0.0,0.0,0.0,0.0036375054623931646,0.039614781737327576,0.36352503299713135,Captured Data
2024-06-15 20:32:43.957862,-1.2200000286102295,3.240000009536743,22.5,0.0,0.0,0.0,0.021208995953202248,0.04837772622704506,0.35706785321235657,Captured Data
2024-06-15 20:32:44.157980,-3.5999999046325684,2.0799999237060547,22.5,0.0,0.0,0.0,0.015280356630682945,0.05150371044874191,0.3545970320701599,Captured Data
2024-06-15 20:32:44.358096,-4.789999961853027,1.5,22.5,0.0,0.0,0.0,-0.018688952550292015,0.045259248465299606,0.3592802882194519,Captured Data
2024-06-15 20:32:44.558216,-5.284999847412109,0.4050000011920929,22.5,0.0,0.0,0.0,-0.048696137964725494,0.036559317260980606,0.36255887150764465,Captured Data
2024-06-15 20:32:44.758331,-5.78000020980835,-0.6899999976158142,22.5,0.0,0.0,0.0,-0.06710154563188553,0.024936193600296974,0.35461005568504333,Captured Data
2024-06-15 20:32:44.958451,-5.78000020980835,-0.6899999976158142,22.5,0.0,0.0,0.0,-0.07701060175895691,0.009437931701540947,0.34469911456108093,Captured Data
2024-06-15 20:32:45.158567,-1.0700000524520874,3.25,22.5,0.0,0.0,0.0,-0.08188998699188232,-0.002320199040696025,0.3375123143196106,Captured Data
2024-06-15 20:32:45.357686,-0.7099999785423279,4.823333263397217,22.5,0.0,0.0,0.0,-0.06782698631286621,0.01046986598521471,0.34534338116645813,Captured Data
2024-06-15 20:32:45.557886,-0.8999999761581421,5.973333358764648,22.5,0.0,0.0,0.0,-0.03625725954771042,0.04314813017845154,0.35065537691116333,Captured Data
2024-06-15 20:32:45.758126,-1.6399999856948853,6.699999809265137,22.5,0.0,0.0,0.0,-0.02140539139509201,0.06582127511501312,0.3401325047016144,Captured Data
2024-06-15 20:32:45.958245,-3.009999990463257,6.300000190734863,22.5,0.0,0.0,0.0,-0.018839245662093163,0.08104913681745529,0.32870444655418396,Captured Data
2024-06-15 20:32:46.158363,-3.359999895095825,4.659999847412109,22.5,0.0,0.0,0.0,-0.02588309720158577,0.08888155966997147,0.3231751024723053,Captured Data
2024-06-15 20:32:46.358605,-1.9500000476837158,2.509999990463257,22.5,0.0,0.0,0.0,-0.03843730315566063,0.08414038270711899,0.3266584873199463,Captured Data
2024-06-15 20:32:46.557723,-0.1366666704416275,1.443333387374878,22.5,0.0,0.0,0.0,-0.04095423221588135,0.06668394058942795,0.34075185656547546,Captured Data
2024-06-15 20:32:46.757966,1.8266667127609253,0.7266666889190674,22.5,0.0,0.0,0.0,-0.026234818622469902,0.04463988542556763,0.35897788405418396,Captured Data
2024-06-15 20:32:46.958213,3.940000057220459,0.36000001430511475,22.5,0.0,0.0,0.0,-0.00033428025199100375,0.027720095589756966,0.3726769685745239,Captured Data
2024-06-15 20:32:47.158497,5.659999847412109,0.7799999713897705,22.5,0.0,0.0,0.0,0.028718899935483932,0.016766086220741272,0.37243515253067017,Captured Data
2024-06-15 20:32:47.358617,5.25,1.6399999856948853,22.5,0.0,0.0,0.0,0.05605329945683479,0.011875850148499012,0.3587602972984314,Captured Data
2024-06-15 20:32:47.557732,3.559999942779541,2.5399999618530273,22.5,0.0,0.0,0.0,0.0732039213180542,0.016168637201189995,0.35001641511917114,Captured Data
2024-06-15 20:32:47.757852,2.3333332538604736,2.7799999713897705,22.5,0.0,0.0,0.0,0.0719391405582428,0.027176648378372192,0.35466864705085754,Captured Data
2024-06-15 20:32:47.957970,1.40666663646698,2.56333327293396,22.5,0.0,0.0,0.0,0.058021679520606995,0.03718164563179016,0.36021703481674194,Captured Data
2024-06-15 20:32:48.158185,0.7799999713897705,1.8899999856948853,22.5,0.0,0.0,0.0,0.041374191641807556,0.041077516973018646,0.36064231395721436,Captured Data
2024-06-15 20:32:48.358476,0.6600000262260437,-0.20999999344348907,22.5,0.0,0.0,0.0,0.02700069546699524,0.03851721063256264,0.36364591121673584,Captured Data
2024-06-15 20:32:48.557687,0.14000000059604645,-1.940000057220459,22.5,0.0,0.0,0.0,0.018282512202858925,0.023311739787459373,0.3746163249015808,Captured Data
2024-06-15 20:32:48.757893,-1.440000057220459,-2.0799999237060547,22.5,0.0,0.0,0.0,0.011320260353386402,-0.0012744205305352807,0.3821321725845337,Captured Data
2024-06-15 20:32:48.958127,-2.7266666889190674,-0.8066666722297668,22.5,0.0,0.0,0.0,-0.0014202421298250556,-0.021342450752854347,0.3785121440887451,Captured Data
2024-06-15 20:32:49.158245,-3.753333330154419,0.8666666746139526,22.5,0.0,0.0,0.0,-0.019801126793026924,-0.02396867237985134,0.37015190720558167,Captured Data
2024-06-15 20:32:49.358363,-4.519999980926514,2.940000057220459,22.5,0.0,0.0,0.0,-0.0383637435734272,-0.009362365119159222,0.36370643973350525,Captured Data
2024-06-15 20:32:49.558480,-4.260000228881836,5.590000152587891,22.5,0.0,0.0,0.0,-0.054782189428806305,0.017058761790394783,0.3620811700820923,Captured Data
2024-06-15 20:32:49.757924,-3.0199999809265137,6.440000057220459,22.5,0.0,0.0,0.0,-0.06359994411468506,0.04569244757294655,0.35312166810035706,Captured Data
2024-06-15 20:32:49.958042,-2.180000066757202,5.590000152587891,22.5,0.0,0.0,0.0,-0.05839456990361214,0.0707443356513977,0.3360269069671631,Captured Data
2024-06-15 20:32:50.158160,-2.3333332538604736,4.556666851043701,22.5,0.0,0.0,0.0,-0.04588708281517029,0.08136072009801865,0.32857295870780945,Captured Data
2024-06-15 20:32:50.358318,-2.690000057220459,3.636666774749756,22.5,0.0,0.0,0.0,-0.038452424108982086,0.07835330814123154,0.33134326338768005,Captured Data
2024-06-15 20:32:50.558436,-3.25,2.8299999237060547,22.5,0.0,0.0,0.0,-0.038529686629772186,0.06874843686819077,0.33948618173599243,Captured Data
2024-06-15 20:32:50.758555,-3.809999942779541,2.569999933242798,22.5,0.0,0.0,0.0,-0.042755357921123505,0.05680745840072632,0.3488254249095917,Captured Data
2024-06-15 20:32:50.957672,-3.240000009536743,3.009999990463257,22.5,0.0,0.0,0.0,-0.05061119794845581,0.04804702475667,0.35552114248275757,Captured Data
2024-06-15 20:32:51.157788,-1.600000023841858,3.5199999809265137,22.5,0.0,0.0,0.0,-0.05384098365902901,0.04566938430070877,0.35734128952026367,Captured Data
2024-06-15 20:32:51.357970,-0.3333333432674408,3.6733334064483643,22.5,0.0,0.0,0.0,-0.045752398669719696,0.049000367522239685,0.35522571206092834,Captured Data
2024-06-15 20:32:51.558325,0.7833333611488342,3.693333387374878,22.5,0.0,0.0,0.0,-0.02693725749850273,0.053503088653087616,0.35210397839546204,Captured Data
2024-06-15 20:32:51.758561,1.75,3.5799999237060547,22.5,0.0,0.0,0.0,-0.007911555469036102,0.056072670966386795,0.3503107726573944,Captured Data
2024-06-15 20:32:51.957878,2.4200000762939453,3.119999885559082,22.5,0.0,0.0,0.0,0.008460968732833862,0.056594282388687134,0.3502223789691925,Captured Data
2024-06-15 20:32:52.158122,2.309999942779541,2.609999895095825,22.5,0.0,0.0,0.0,0.023530857637524605,0.05462843179702759,0.3521645665168762,Captured Data
2024-06-15 20:32:52.358240,1.7100000381469727,2.1700000762939453,22.5,0.0,0.0,0.0,0.03226761519908905,0.04939602315425873,0.35617420077323914,Captured Data
2024-06-15 20:32:52.558467,1.2833333015441895,2.2833333015441895,22.5,0.0,0.0,0.0,0.03260087966918945,0.04289417341351509,0.3610477149486542,Captured Data
2024-06-15 20:32:52.757698,0.9200000166893005,2.636666774749756,22.5,0.0,0.0,0.0,0.02876061387360096,0.038420382887125015,0.3635876476764679,Captured Data
2024-06-15 20:32:52.957940,0.6200000047683716,3.2300000190734863,22.5,0.0,0.0,0.0,0.022743025794625282,0.038927655667066574,0.3628532886505127,Captured Data
2024-06-15 20:32:53.158057,-0.029999999329447746,4.150000095367432,22.5,0.0,0.0,0.0,0.01701326295733452,0.043427933007478714,0.3597877621650696,Captured Data
2024-06-15 20:32:53.358173,-1.0299999713897705,4.260000228881836,22.5,0.0,0.0,0.0,0.010385475121438503,0.0516882948577404,0.3539530336856842,Captured Data
2024-06-15 20:32:53.558291,-2.2300000190734863,2.8299999237060547,22.5,0.0,0.0,0.0,-0.0003784206055570394,0.059741538017988205,0.34714215993881226,Captured Data
2024-06-15 20:32:53.758410,-2.869999885559082,0.8766666650772095,22.5,0.0,0.0,0.0,-0.015536212362349033,0.057538822293281555,0.3490426540374756,Captured Data
2024-06-15 20:32:53.958620,-3.0999999046325684,-1.0700000524520874,22.5,0.0,0.0,0.0,-0.03190804272890091,0.0410030260682106,0.35947027802467346,Captured Data
2024-06-15 20:32:54.157858,-2.9200000762939453,-3.009999990463257,22.5,0.0,0.0,0.0,-0.04254022613167763,0.016929876059293747,0.3636407256126404,Captured Data
2024-06-15 20:32:54.357974,-1.0,-4.489999771118164,22.5,0.0,0.0,0.0,-0.045783597975969315,-0.011102390475571156,0.35766470432281494,Captured Data
2024-06-15 20:32:54.558094,1.659999966621399,-4.159999847412109,22.5,0.0,0.0,0.0,-0.03701217472553253,-0.039828553795814514,0.35455840826034546,Captured Data
2024-06-15 20:32:54.758210,3.390000104904175,-2.0199999809265137,22.5,0.0,0.0,0.0,-0.011760760098695755,-0.05928228795528412,0.3573910593986511,Captured Data
2024-06-15 20:32:54.958514,3.376666784286499,-0.2933333218097687,22.5,0.0,0.0,0.0,0.018856778740882874,-0.05416606366634369,0.35468313097953796,Captured Data
2024-06-15 20:32:55.158632,2.819999933242798,1.246666669845581,22.5,0.0,0.0,0.0,0.04015645012259483,-0.03157777339220047,0.3530588746070862,Captured Data
2024-06-15 20:32:55.357750,1.7200000286102295,2.5999999046325684,22.5,0.0,0.0,0.0,0.046691372990608215,-0.005573491100221872,0.3606216311454773,Captured Data
2024-06-15 20:32:55.557866,-0.800000011920929,4.119999885559082,22.5,0.0,0.0,0.0,0.041655879467725754,0.0180454533547163,0.36729666590690613,Captured Data
2024-06-15 20:32:55.758205,-2.869999885559082,5.440000057220459,22.5,0.0,0.0,0.0,0.02371351607143879,0.0395066924393177,0.3621480464935303,Captured Data
2024-06-15 20:32:55.958516,-4.039999961853027,6.849999904632568,22.5,0.0,0.0,0.0,-0.004459591116756201,0.058535270392894745,0.3491240441799164,Captured Data
2024-06-15 20:32:56.158632,-4.1533331871032715,7.836666584014893,22.5,0.0,0.0,0.0,-0.030853312462568283,0.0763653889298439,0.3340594470500946,Captured Data
2024-06-15 20:32:56.357844,-3.9533333778381348,8.733333587646484,22.5,0.0,0.0,0.0,-0.04641321301460266,0.09209048748016357,0.3198511302471161,Captured Data
2024-06-15 20:32:56.557962,-3.440000057220459,9.539999961853027,22.5,0.0,0.0,0.0,-0.05087694153189659,0.10411521047353745,0.30923181772232056,Captured Data
2024-06-15 20:32:56.758078,-2.3499999046325684,9.470000267028809,22.5,0.0,0.0,0.0,-0.05008576437830925,0.11464489996433258,0.3003995418548584,Captured Data
2024-06-15 20:32:56.958196,-1.5399999618530273,7.730000019073486,22.5,0.0,0.0,0.0,-0.043248165398836136,0.12106188386678696,0.29563209414482117,Captured Data
2024-06-15 20:32:57.158314,-1.909999966621399,5.03000020980835,22.5,0.0,0.0,0.0,-0.03318117931485176,0.11830073595046997,0.2988269031047821,Captured Data
2024-06-15 20:32:57.358632,-2.816666603088379,2.9833333492279053,22.5,0.0,0.0,0.0,-0.02802353911101818,0.10201423615217209,0.3122371733188629,Captured Data
2024-06-15 20:32:57.557749,-3.693333387374878,0.9266666769981384,22.5,0.0,0.0,0.0,-0.03223327919840813,0.07602093368768692,0.3333509564399719,Captured Data
2024-06-15 20:32:57.757868,-4.539999961853027,-1.1399999856948853,22.5,0.0,0.0,0.0,-0.04465736821293831,0.048270296305418015,0.35171619057655334,Captured Data
2024-06-15 20:32:57.957985,-3.869999885559082,-3.930000066757202,22.5,0.0,0.0,0.0,-0.057666629552841187,0.018682312220335007,0.35473766922950745,Captured Data
2024-06-15 20:32:58.158284,-0.6200000047683716,-5.650000095367432,22.5,0.0,0.0,0.0,-0.061597298830747604,-0.013542470522224903,0.34665247797966003,Captured Data
2024-06-15 20:32:58.358518,3.2799999713897705,-5.53000020980835,22.5,0.0,0.0,0.0,-0.04544956237077713,-0.05019572377204895,0.34631213545799255,Captured Data
2024-06-15 20:32:58.557871,4.480000019073486,-4.130000114440918,22.5,0.0,0.0,0.0,-0.008468624204397202,-0.07409653812646866,0.34977445006370544,Captured Data
2024-06-15 20:32:58.758087,4.706666469573975,-2.2933332920074463,22.5,0.0,0.0,0.0,0.030896244570612907,-0.07376255840063095,0.3392316997051239,Captured Data
2024-06-15 20:32:58.958203,3.9600000381469727,-0.019999999552965164,22.5,0.0,0.0,0.0,0.05264769122004509,-0.057733528316020966,0.33335039019584656,Captured Data
2024-06-15 20:32:59.158435,1.149999976158142,2.7699999809265137,22.5,0.0,0.0,0.0,0.06191963702440262,-0.033139582723379135,0.33833515644073486,Captured Data
2024-06-15 20:32:59.357795,-1.1100000143051147,4.119999885559082,22.5,0.0,0.0,0.0,0.05138041451573372,0.0010184639832004905,0.3533022701740265,Captured Data
2024-06-15 20:32:59.558142,-1.3600000143051147,4.150000095367432,22.5,0.0,0.0,0.0,0.023173291236162186,0.03478660434484482,0.3582562208175659,Captured Data
2024-06-15 20:32:59.758260,-0.20666666328907013,3.5833332538604736,22.5,0.0,0.0,0.0,-0.0020742295309901237,0.053195368498563766,0.3508998453617096,Captured Data
2024-06-15 20:32:59.958470,1.0366666316986084,3.0399999618530273,22.5,0.0,0.0,0.0,-0.008887900039553642,0.05774626135826111,0.34816262125968933,Captured Data
2024-06-15 20:33:00.157716,2.369999885559082,2.5199999809265137,22.5,0.0,0.0,0.0,-2.2965099560678937e-05,0.054699961096048355,0.35141220688819885,Captured Data
2024-06-15 20:33:00.357833,3.109999895095825,2.5199999809265137,22.5,0.0,0.0,0.0,0.016797497868537903,0.04848869517445564,0.3563740849494934,Captured Data
2024-06-15 20:33:00.557951,1.9700000286102295,3.740000009536743,22.5,0.0,0.0,0.0,0.03400687873363495,0.04359287768602371,0.3599230945110321,Captured Data
2024-06-15 20:33:00.758278,-0.6499999761581421,5.570000171661377,22.5,0.0,0.0,0.0,0.038876913487911224,0.04664347320795059,0.3576391041278839,Captured Data
2024-06-15 20:33:00.958395,-2.549999952316284,6.436666488647461,22.5,0.0,0.0,0.0,0.02355305850505829,0.06032760441303253,0.3481910228729248,Captured Data
2024-06-15 20:33:01.158618,-4.2166666984558105,6.940000057220459,22.5,0.0,0.0,0.0,-0.003916407469660044,0.0769452452659607,0.33477547764778137,Captured Data
2024-06-15 20:33:01.357858,-5.650000095367432,7.079999923706055,22.5,0.0,0.0,0.0,-0.03077053092420101,0.08831128478050232,0.32450467348098755,Captured Data
2024-06-15 20:33:01.558047,-6.46999979019165,6.5,22.5,0.0,0.0,0.0,-0.05380725860595703,0.09427764266729355,0.3178306221961975,Captured Data
2024-06-15 20:33:01.758167,-5.420000076293945,5.409999847412109,22.5,0.0,0.0,0.0,-0.07274472713470459,0.0952599048614502,0.3155271112918854,Captured Data
2024-06-15 20:33:01.958402,-2.7200000286102295,3.9600000381469727,22.5,0.0,0.0,0.0,-0.08047233521938324,0.08927210420370102,0.31961682438850403,Captured Data
2024-06-15 20:33:02.158634,-0.6133333444595337,2.8466665744781494,22.5,0.0,0.0,0.0,-0.06926582753658295,0.07760050892829895,0.330086886882782,Captured Data
2024-06-15 20:33:02.357849,1.246666669845581,1.9133332967758179,22.5,0.0,0.0,0.0,-0.04284697771072388,0.06261442601680756,0.3438260853290558,Captured Data
2024-06-15 20:33:02.558277,2.859999895095825,1.159999966621399,22.5,0.0,0.0,0.0,-0.012301567010581493,0.04742446541786194,0.3571954071521759,Captured Data
2024-06-15 20:33:02.758492,3.700000047683716,1.0399999618530273,22.5,0.0,0.0,0.0,0.01799551025032997,0.033296190202236176,0.3676339089870453,Captured Data
2024-06-15 20:33:02.957695,2.859999895095825,1.9299999475479126,22.5,0.0,0.0,0.0,0.04133166745305061,0.023387445136904716,0.3684680163860321,Captured Data
2024-06-15 20:33:03.157931,0.8600000143051147,3.509999990463257,22.5,0.0,0.0,0.0,0.04888763278722763,0.023772794753313065,0.36697763204574585,Captured Data
2024-06-15 20:33:03.358135,-0.5133333206176758,4.489999771118164,22.5,0.0,0.0,0.0,0.03989798575639725,0.03550069406628609,0.3649517893791199,Captured Data
2024-06-15 20:33:03.558372,-1.5766667127609253,5.116666793823242,22.5,0.0,0.0,0.0,0.018917549401521683,0.05154859647154808,0.35485637187957764,Captured Data
2024-06-15 20:33:03.758583,-2.3299999237060547,5.389999866485596,22.5,0.0,0.0,0.0,-0.0018310388550162315,0.06463412940502167,0.3445998430252075,Captured Data
2024-06-15 20:33:03.957806,-2.190000057220459,4.639999866485596,22.5,0.0,0.0,0.0,-0.01770653948187828,0.07280329614877701,0.3369511663913727,Captured Data
2024-06-15 20:33:04.157924,-0.5299999713897705,3.549999952316284,22.5,0.0,0.0,0.0,-0.027163757011294365,0.07460517436265945,0.3348201513290405,Captured Data
2024-06-15 20:33:04.358214,1.8799999952316284,3.0,22.5,0.0,0.0,0.0,-0.024775318801403046,0.06811656802892685,0.34025609493255615,Captured Data
2024-06-15 20:33:04.558514,2.986666679382324,3.2733333110809326,22.5,0.0,0.0,0.0,-0.0029620768036693335,0.05770197510719299,0.3492734730243683,Captured Data
2024-06-15 20:33:04.757725,3.609999895095825,3.683333396911621,22.5,0.0,0.0,0.0,0.02277863398194313,0.05257334187626839,0.353263795375824,Captured Data
2024-06-15 20:33:04.957932,3.75,4.230000019073486,22.5,0.0,0.0,0.0,0.04089227318763733,0.053721338510513306,0.35220903158187866,Captured Data
2024-06-15 20:33:05.158048,2.359999895095825,4.559999942779541,22.5,0.0,0.0,0.0,0.050491563975811005,0.058466896414756775,0.34864476323127747,Captured Data
2024-06-15 20:33:05.358166,-0.10999999940395355,3.6700000762939453,22.5,0.0,0.0,0.0,0.049205973744392395,0.0636662170290947,0.3447515368461609,Captured Data
2024-06-15 20:33:05.558285,-2.5299999713897705,1.3600000143051147,22.5,0.0,0.0,0.0,0.029642531648278236,0.06389761716127396,0.3451787829399109,Captured Data
2024-06-15 20:33:05.758519,-3.2033333778381348,-0.753333330154419,22.5,0.0,0.0,0.0,-0.0035652078222483397,0.0477968230843544,0.35765326023101807,Captured Data
2024-06-15 20:33:05.957838,-3.2799999713897705,-2.7166666984558105,22.5,0.0,0.0,0.0,-0.030616339296102524,0.023545177653431892,0.36608055233955383,Captured Data
2024-06-15 20:33:06.157781,-2.759999990463257,-4.53000020980835,22.5,0.0,0.0,0.0,-0.04345318675041199,-0.005408881697803736,0.3588089346885681,Captured Data
2024-06-15 20:33:06.357899,-1.1100000143051147,-5.070000171661377,22.5,0.0,0.0,0.0,-0.04540184885263443,-0.035144105553627014,0.34984809160232544,Captured Data
2024-06-15 20:33:06.558122,0.15000000596046448,-3.0799999237060547,22.5,0.0,0.0,0.0,-0.036167144775390625,-0.059371430426836014,0.3477157652378082,Captured Data
2024-06-15 20:33:06.758339,0.4699999988079071,0.05999999865889549,22.5,0.0,0.0,0.0,-0.017149347811937332,-0.06376748532056808,0.35830724239349365,Captured Data
2024-06-15 20:33:06.958554,0.2566666603088379,2.1466667652130127,22.5,0.0,0.0,0.0,-0.0025752538349479437,-0.03930620104074478,0.37362971901893616,Captured Data
2024-06-15 20:33:07.157670,-0.009999999776482582,3.859999895095825,22.5,0.0,0.0,0.0,0.0033828015439212322,-0.0039085280150175095,0.37989091873168945,Captured Data
2024-06-15 20:33:07.357965,-0.33000001311302185,5.199999809265137,22.5,0.0,0.0,0.0,0.003200152888894081,0.02681775763630867,0.3686375916004181,Captured Data
2024-06-15 20:33:07.558081,-0.8600000143051147,5.429999828338623,22.5,0.0,0.0,0.0,0.00017548522737342864,0.05203533172607422,0.3525124788284302,Captured Data
2024-06-15 20:33:07.758199,-1.3200000524520874,4.489999771118164,22.5,0.0,0.0,0.0,-0.004296450410038233,0.06923296302556992,0.34008610248565674,Captured Data
2024-06-15 20:33:07.958318,-1.8899999856948853,3.4800000190734863,22.5,0.0,0.0,0.0,-0.01093512773513794,0.07288157939910889,0.3370021879673004,Captured Data
2024-06-15 20:33:08.158436,-2.323333263397217,3.0999999046325684,22.5,0.0,0.0,0.0,-0.018946072086691856,0.06568189710378647,0.3419118821620941,Captured Data
2024-06-15 20:33:08.357840,-2.630000114440918,2.8399999141693115,22.5,0.0,0.0,0.0,-0.02732914499938488,0.05658596754074097,0.34882238507270813,Captured Data
2024-06-15 20:33:08.557959,-2.809999942779541,2.700000047683716,22.5,0.0,0.0,0.0,-0.034293025732040405,0.050432536751031876,0.35353371500968933,Captured Data
2024-06-15 20:33:08.758075,-1.8200000524520874,2.5399999618530273,22.5,0.0,0.0,0.0,-0.03934084624052048,0.04655944183468819,0.35692113637924194,Captured Data
2024-06-15 20:33:08.958509,0.7099999785423279,2.259999990463257,22.5,0.0,0.0,0.0,-0.038815222680568695,0.0440547838807106,0.35939252376556396,Captured Data
2024-06-15 20:33:09.158625,3.359999895095825,2.2699999809265137,22.5,0.0,0.0,0.0,-0.021268412470817566,0.04119740426540375,0.3621463179588318,Captured Data
2024-06-15 20:33:09.357808,4.480000019073486,2.549999952316284,22.5,0.0,0.0,0.0,0.011871476657688618,0.038241226226091385,0.36481887102127075,Captured Data
2024-06-15 20:33:09.557927,4.953333377838135,2.9633333683013916,22.5,0.0,0.0,0.0,0.04453097656369209,0.03836779296398163,0.3648948073387146,Captured Data
2024-06-15 20:33:09.758043,4.78000020980835,3.509999990463257,22.5,0.0,0.0,0.0,0.06366380304098129,0.041922856122255325,0.36147668957710266,Captured Data
2024-06-15 20:33:09.958161,2.3399999141693115,4.28000020980835,22.5,0.0,0.0,0.0,0.07160696387290955,0.0475093349814415,0.3569919764995575,Captured Data
2024-06-15 20:33:10.158278,-0.4699999988079071,5.059999942779541,22.5,0.0,0.0,0.0,0.06442178785800934,0.05480894446372986,0.35244718194007874,Captured Data
2024-06-15 20:33:10.358397,-2.319999933242798,5.889999866485596,22.5,0.0,0.0,0.0,0.03560088574886322,0.06405097246170044,0.3462183475494385,Captured Data
2024-06-15 20:33:10.557697,-2.7799999713897705,6.409999847412109,22.5,0.0,0.0,0.0,0.002674492308869958,0.07371699810028076,0.338041752576828,Captured Data
2024-06-15 20:33:10.757816,-2.9066667556762695,6.789999961853027,22.5,0.0,0.0,0.0,-0.02144397422671318,0.08305250108242035,0.3290475308895111,Captured Data
2024-06-15 20:33:10.958033,-2.700000047683716,7.03000020980835,22.5,0.0,0.0,0.0,-0.03300433233380318,0.08999722450971603,0.32224270701408386,Captured Data
2024-06-15 20:33:11.158260,-1.8700000047683716,6.380000114440918,22.5,0.0,0.0,0.0,-0.036119721829891205,0.0943620353937149,0.3183050751686096,Captured Data
2024-06-15 20:33:11.358378,-1.0199999809265137,4.679999828338623,22.5,0.0,0.0,0.0,-0.034741681069135666,0.09505012631416321,0.3178603947162628,Captured Data
2024-06-15 20:33:11.557696,-0.2199999988079071,2.5899999141693115,22.5,0.0,0.0,0.0,-0.027127698063850403,0.08708179742097855,0.32466351985931396,Captured Data
2024-06-15 20:33:11.757814,0.31333333253860474,1.309999942779541,22.5,0.0,0.0,0.0,-0.016659438610076904,0.0680801048874855,0.3403175473213196,Captured Data
2024-06-15 20:33:11.957932,0.8266666531562805,0.2266666740179062,22.5,0.0,0.0,0.0,-0.005242618266493082,0.04438537359237671,0.35963958501815796,Captured Data
2024-06-15 20:33:12.158240,1.3200000524520874,-0.6600000262260437,22.5,0.0,0.0,0.0,0.004421362653374672,0.024559099227190018,0.37462714314460754,Captured Data
2024-06-15 20:33:12.357919,1.8300000429153442,-1.159999966621399,22.5,0.0,0.0,0.0,0.012549832463264465,0.007629996165633202,0.3798542320728302,Captured Data
2024-06-15 20:33:12.558155,1.899999976158142,-0.8899999856948853,22.5,0.0,0.0,0.0,0.020314346998929977,-0.006006687413901091,0.3745883107185364,Captured Data
2024-06-15 20:33:12.758392,1.2899999618530273,-0.5799999833106995,22.5,0.0,0.0,0.0,0.025840606540441513,-0.012683290988206863,0.3691673278808594,Captured Data
2024-06-15 20:33:12.958509,0.4166666567325592,-1.0466666221618652,22.5,0.0,0.0,0.0,0.02611534483730793,-0.012644621543586254,0.36979562044143677,Captured Data
2024-06-15 20:33:13.157732,-0.6633333563804626,-1.909999966621399,22.5,0.0,0.0,0.0,0.019503630697727203,-0.013078823685646057,0.3753349781036377,Captured Data
2024-06-15 20:33:13.357951,-1.9500000476837158,-3.1700000762939453,22.5,0.0,0.0,0.0,0.006732573267072439,-0.020502064377069473,0.37814366817474365,Captured Data
2024-06-15 20:33:13.558071,-3.4800000190734863,-5.409999847412109,22.5,0.0,0.0,0.0,-0.008815438486635685,-0.033080220222473145,0.37149062752723694,Captured Data
2024-06-15 20:33:13.758311,-3.2899999618530273,-6.53000020980835,22.5,0.0,0.0,0.0,-0.027805766090750694,-0.051119349896907806,0.3555627763271332,Captured Data
2024-06-15 20:33:13.958621,-1.5099999904632568,-5.429999828338623,22.5,0.0,0.0,0.0,-0.041247762739658356,-0.07244287431240082,0.33875250816345215,Captured Data
2024-06-15 20:33:14.157738,-0.44999998807907104,-3.4166667461395264,22.5,0.0,0.0,0.0,-0.03869098424911499,-0.08325054496526718,0.33642134070396423,Captured Data
2024-06-15 20:33:14.357856,0.2266666740179062,-1.1200000047683716,22.5,0.0,0.0,0.0,-0.023339100182056427,-0.07489148527383804,0.3497602343559265,Captured Data
2024-06-15 20:33:14.557972,0.5199999809265137,1.4600000381469727,22.5,0.0,0.0,0.0,-0.009193207137286663,-0.05149654671549797,0.36662736535072327,Captured Data
2024-06-15 20:33:14.758208,-0.09000000357627869,5.079999923706055,22.5,0.0,0.0,0.0,0.0004600392421707511,-0.017540395259857178,0.3774469494819641,Captured Data
2024-06-15 20:33:14.958421,-1.0299999713897705,7.880000114440918,22.5,0.0,0.0,0.0,0.0030086180195212364,0.0230918750166893,0.3682359755039215,Captured Data
2024-06-15 20:33:15.158540,-1.940000057220459,10.109999656677246,22.5,0.0,0.0,0.0,-0.0020363018848001957,0.06388478726148605,0.34269508719444275,Captured Data
2024-06-15 20:33:15.357656,-2.493333339691162,11.123332977294922,22.5,0.0,0.0,0.0,-0.011330789886415005,0.09731996059417725,0.3170745074748993,Captured Data
2024-06-15 20:33:15.557815,-2.946666717529297,11.816666603088379,22.5,0.0,0.0,0.0,-0.0208777766674757,0.12118978798389435,0.2976881265640259,Captured Data
2024-06-15 20:33:15.758018,-3.299999952316284,12.1899995803833,22.5,0.0,0.0,0.0,-0.02815469726920128,0.13452237844467163,0.2860145568847656,Captured Data
2024-06-15 20:33:15.958136,-3.4000000953674316,11.720000267028809,22.5,0.0,0.0,0.0,-0.0335707888007164,0.1421167105436325,0.2787165343761444,Captured Data
2024-06-15 20:33:16.158254,-3.0399999618530273,10.380000114440918,22.5,0.0,0.0,0.0,-0.03704207390546799,0.14453022181987762,0.2760164141654968,Captured Data
2024-06-15 20:33:16.358240,-2.369999885559082,8.789999961853027,22.5,0.0,0.0,0.0,-0.038261882960796356,0.14112669229507446,0.27868807315826416,Captured Data
2024-06-15 20:33:16.558400,-1.8700000047683716,7.730000019073486,22.5,0.0,0.0,0.0,-0.03706856444478035,0.13097018003463745,0.28717344999313354,Captured Data
2024-06-15 20:33:16.758519,-1.4733333587646484,6.693333148956299,22.5,0.0,0.0,0.0,-0.032698146998882294,0.1190260797739029,0.29787832498550415,Captured Data
2024-06-15 20:33:16.957820,-1.1799999475479126,5.679999828338623,22.5,0.0,0.0,0.0,-0.027484506368637085,0.10760818421840668,0.30792704224586487,Captured Data
2024-06-15 20:33:17.158032,-0.9800000190734863,4.239999771118164,22.5,0.0,0.0,0.0,-0.022917933762073517,0.09592680633068085,0.3177731931209564,Captured Data
2024-06-15 20:33:17.358307,-0.8399999737739563,3.1500000953674316,22.5,0.0,0.0,0.0,-0.019382985308766365,0.0821293294429779,0.3288674056529999,Captured Data
2024-06-15 20:33:17.558615,-0.3100000023841858,2.759999990463257,22.5,0.0,0.0,0.0,-0.016889521852135658,0.06606296449899673,0.34169769287109375,Captured Data
2024-06-15 20:33:17.757731,0.3033333420753479,2.880000114440918,22.5,0.0,0.0,0.0,-0.012869012542068958,0.05411839485168457,0.3512741029262543,Captured Data
2024-06-15 20:33:17.957949,0.9066666960716248,3.0433332920074463,22.5,0.0,0.0,0.0,-0.005646564066410065,0.04834456741809845,0.35580193996429443,Captured Data
2024-06-15 20:33:18.158065,1.5,3.25,22.5,0.0,0.0,0.0,0.003348639002069831,0.04753328114748001,0.35657286643981934,Captured Data
2024-06-15 20:33:18.358271,1.909999966621399,3.069999933242798,22.5,0.0,0.0,0.0,0.012560972012579441,0.048973891884088516,0.3559081554412842,Captured Data
2024-06-15 20:33:18.558471,1.7899999618530273,2.069999933242798,22.5,0.0,0.0,0.0,0.020922085270285606,0.04975436255335808,0.35562604665756226,Captured Data
2024-06-15 20:33:18.758588,1.1100000143051147,-0.20000000298023224,22.5,0.0,0.0,0.0,0.02615809254348278,0.044994816184043884,0.3592912554740906,Captured Data
2024-06-15 20:33:18.957707,0.11666666716337204,-2.18666672706604,22.5,0.0,0.0,0.0,0.02556738257408142,0.02721991017460823,0.3706927001476288,Captured Data
2024-06-15 20:33:19.157936,-0.753333330154419,-3.693333387374878,22.5,0.0,0.0,0.0,0.016088608652353287,-0.0013874014839529991,0.37859079241752625,Captured Data
2024-06-15 20:33:19.358175,-1.5,-4.71999979019165,22.5,0.0,0.0,0.0,0.002781638642773032,-0.029804371297359467,0.3759100139141083,Captured Data
2024-06-15 20:33:19.558294,-1.340000033378601,-3.4100000858306885,22.5,0.0,0.0,0.0,-0.009686069563031197,-0.05198940262198448,0.3657694458961487,Captured Data
2024-06-15 20:33:19.758412,-0.3799999952316284,-0.03999999910593033,22.5,0.0,0.0,0.0,-0.017095638439059258,-0.05988732725381851,0.35881686210632324,Captured Data
2024-06-15 20:33:19.957989,0.3700000047683716,3.309999942779541,22.5,0.0,0.0,0.0,-0.015278952196240425,-0.0382930189371109,0.3697653114795685,Captured Data
2024-06-15 20:33:20.158106,0.3033333420753479,4.676666736602783,22.5,0.0,0.0,0.0,-0.007419677451252937,-4.634792639990337e-05,0.3780994415283203,Captured Data
2024-06-15 20:33:20.358303,-0.07333333045244217,5.606666564941406,22.5,0.0,0.0,0.0,-0.0007201147964224219,0.03662419691681862,0.3622584044933319,Captured Data
2024-06-15 20:33:20.558421,-0.7599999904632568,6.099999904632568,22.5,0.0,0.0,0.0,0.0005897447117604315,0.06094631552696228,0.34531188011169434,Captured Data
2024-06-15 20:33:20.758554,-2.180000066757202,5.329999923706055,22.5,0.0,0.0,0.0,-0.0022936847526580095,0.07617931067943573,0.3343712389469147,Captured Data
2024-06-15 20:33:20.957671,-3.5999999046325684,3.950000047683716,22.5,0.0,0.0,0.0,-0.012913239188492298,0.08157633244991302,0.32990309596061707,Captured Data
2024-06-15 20:33:21.157877,-4.53000020980835,3.1500000953674316,22.5,0.0,0.0,0.0,-0.03183524310588837,0.0742875188589096,0.33534178137779236,Captured Data
2024-06-15 20:33:21.357994,-4.849999904632568,3.3299999237060547,22.5,0.0,0.0,0.0,-0.05131172016263008,0.06205013021826744,0.34495964646339417,Captured Data
2024-06-15 20:33:21.558113,-5.003333568572998,3.886666774749756,22.5,0.0,0.0,0.0,-0.06486300379037857,0.05450570210814476,0.3506440818309784,Captured Data
2024-06-15 20:33:21.758229,-4.989999771118164,4.820000171661377,22.5,0.0,0.0,0.0,-0.07139774411916733,0.055173277854919434,0.3497343361377716,Captured Data
2024-06-15 20:33:21.958444,-4.730000019073486,6.559999942779541,22.5,0.0,0.0,0.0,-0.07288652658462524,0.06144073233008385,0.34401464462280273,Captured Data
2024-06-15 20:33:22.157657,-4.699999809265137,7.690000057220459,22.5,0.0,0.0,0.0,-0.07211359590291977,0.07409916073083878,0.33303096890449524,Captured Data
2024-06-15 20:33:22.357776,-5.039999961853027,7.630000114440918,22.5,0.0,0.0,0.0,-0.06892044842243195,0.08975091576576233,0.32002773880958557,Captured Data
2024-06-15 20:33:22.557973,-5.133333206176758,6.789999961853027,22.5,0.0,0.0,0.0,-0.06774556636810303,0.09947040677070618,0.31132492423057556,Captured Data
2024-06-15 20:33:22.758090,-4.909999847412109,5.836666584014893,22.5,0.0,0.0,0.0,-0.06854340434074402,0.09991153329610825,0.31072336435317993,Captured Data
2024-06-15 20:33:22.958209,-4.369999885559082,4.769999980926514,22.5,0.0,0.0,0.0,-0.06935643404722214,0.09348854422569275,0.3160995543003082,Captured Data
2024-06-15 20:33:23.158326,-2.4000000953674316,3.430000066757202,22.5,0.0,0.0,0.0,-0.06879454106092453,0.0838211253285408,0.32451164722442627,Captured Data
2024-06-15 20:33:23.358458,0.10999999940395355,2.5899999141693115,22.5,0.0,0.0,0.0,-0.05952442064881325,0.07087348401546478,0.3360159397125244,Captured Data
2024-06-15 20:33:23.558576,2.5,2.0799999237060547,22.5,0.0,0.0,0.0,-0.03530467301607132,0.05649441108107567,0.34910693764686584,Captured Data
2024-06-15 20:33:23.757693,3.5266666412353516,1.846666693687439,22.5,0.0,0.0,0.0,-0.00015830632764846087,0.04474862292408943,0.3596438765525818,Captured Data
2024-06-15 20:33:23.957811,3.9833333492279053,1.7000000476837158,22.5,0.0,0.0,0.0,0.031672004610300064,0.036639027297496796,0.3665127754211426,Captured Data
2024-06-15 20:33:24.157929,3.869999885559082,1.6399999856948853,22.5,0.0,0.0,0.0,0.05055274814367294,0.03209715709090233,0.3673747479915619,Captured Data
2024-06-15 20:33:24.358047,1.0299999713897705,2.180000066757202,22.5,0.0,0.0,0.0,0.05838862434029579,0.029352789744734764,0.3646312654018402,Captured Data
2024-06-15 20:33:24.558251,-1.2100000381469727,2.746666669845581,22.5,0.0,0.0,0.0,0.048997338861227036,0.030032576993107796,0.3661428987979889,Captured Data
2024-06-15 20:33:24.758384,-2.8499999046325684,3.3399999141693115,22.5,0.0,0.0,0.0,0.020325154066085815,0.03525222837924957,0.36664441227912903,Captured Data
2024-06-15 20:33:24.958502,-3.450000047683716,3.9733333587646484,22.5,0.0,0.0,0.0,-0.010894697159528732,0.04302220046520233,0.36144009232521057,Captured Data
2024-06-15 20:33:25.158619,-2.7033333778381348,3.736666679382324,22.5,0.0,0.0,0.0,-0.0340745747089386,0.05154208838939667,0.3538898825645447,Captured Data
2024-06-15 20:33:25.357848,-1.1299999952316284,2.549999952316284,22.5,0.0,0.0,0.0,-0.04216769337654114,0.056738078594207764,0.3492854833602905,Captured Data
2024-06-15 20:33:25.558079,-0.44999998807907104,1.9299999475479126,22.5,0.0,0.0,0.0,-0.03512965887784958,0.052555475383996964,0.3526857793331146,Captured Data
2024-06-15 20:33:25.758196,-0.10999999940395355,1.6200000047683716,22.5,0.0,0.0,0.0,-0.021256474778056145,0.042470533400774,0.3604761064052582,Captured Data
2024-06-15 20:33:25.958313,2.609999895095825,-0.9399999976158142,22.5,0.0,0.0,0.0,-0.010839210823178291,0.03414914384484291,0.3669391870498657,Captured Data
2024-06-15 20:33:26.158515,2.8399999141693115,-1.2599999904632568,22.5,0.0,0.0,0.0,0.007857409305870533,0.018466025590896606,0.37040430307388306,Captured Data
2024-06-15 20:33:26.357676,2.373333215713501,-0.8999999761581421,22.5,0.0,0.0,0.0,0.030247213318943977,-0.0030872481875121593,0.3648635149002075,Captured Data
2024-06-15 20:33:26.557880,1.440000057220459,-0.18000000715255737,22.5,0.0,0.0,0.0,0.03693032264709473,-0.011899667792022228,0.3610232472419739,Captured Data
2024-06-15 20:33:26.758451,0.3499999940395355,0.550000011920929,22.5,0.0,0.0,0.0,0.03280793875455856,-0.010082222521305084,0.3660409152507782,Captured Data
2024-06-15 20:33:26.958569,-1.8300000429153442,2.009999990463257,22.5,0.0,0.0,0.0,0.02176222763955593,-0.0007838712190277874,0.3781546652317047,Captured Data
2024-06-15 20:33:27.157690,-1.8300000429153442,2.009999990463257,22.5,0.0,0.0,0.0,0.0036739150527864695,0.012200656346976757,0.3815465271472931,Captured Data
2024-06-15 20:33:27.357804,-2.816666603088379,2.6433334350585938,22.5,0.0,0.0,0.0,-0.016025736927986145,0.025360604748129845,0.37488022446632385,Captured Data
2024-06-15 20:33:27.557923,-4.789999961853027,3.9100000858306885,22.5,0.0,0.0,0.0,-0.028274739161133766,0.032897744327783585,0.3688303828239441,Captured Data
2024-06-15 20:33:27.758041,-4.440000057220459,3.6500000953674316,22.5,0.0,0.0,0.0,-0.046053092926740646,0.044094640761613846,0.35953620076179504,Captured Data
2024-06-15 20:33:27.958159,-4.106666564941406,3.75,22.5,0.0,0.0,0.0,-0.06139419227838516,0.05353230610489845,0.35126379132270813,Captured Data
2024-06-15 20:33:28.158276,-3.5833332538604736,4.046666622161865,22.5,0.0,0.0,0.0,-0.06376082450151443,0.055843234062194824,0.34895724058151245,Captured Data
2024-06-15 20:33:28.358492,-2.869999885559082,4.539999961853027,22.5,0.0,0.0,0.0,-0.06180712580680847,0.058351363986730576,0.3465594947338104,Captured Data
2024-06-15 20:33:28.558608,-1.340000033378601,5.400000095367432,22.5,0.0,0.0,0.0,-0.05465245619416237,0.06280993670225143,0.3431916832923889,Captured Data
2024-06-15 20:33:28.757727,0.33000001311302185,5.590000152587891,22.5,0.0,0.0,0.0,-0.041259996592998505,0.06982603669166565,0.33853375911712646,Captured Data
2024-06-15 20:33:28.957923,1.2899999618530273,4.650000095367432,22.5,0.0,0.0,0.0,-0.020810576155781746,0.07699597626924515,0.3335803151130676,Captured Data
2024-06-15 20:33:29.158128,1.0766667127609253,3.136666774749756,22.5,0.0,0.0,0.0,-0.000365047890227288,0.07738736271858215,0.3340674042701721,Captured Data
2024-06-15 20:33:29.358245,0.49000000953674316,1.3799999952316284,22.5,0.0,0.0,0.0,0.011393453925848007,0.06663303077220917,0.3424470126628876,Captured Data
2024-06-15 20:33:29.558363,-0.4699999988079071,-0.6200000047683716,22.5,0.0,0.0,0.0,0.01218419149518013,0.0478222593665123,0.35731226205825806,Captured Data
2024-06-15 20:33:29.758480,-2.130000114440918,-3.4000000953674316,22.5,0.0,0.0,0.0,0.0045652370899915695,0.023122237995266914,0.3743041157722473,Captured Data
2024-06-15 20:33:29.957828,-3.25,-4.860000133514404,22.5,0.0,0.0,0.0,-0.011147866025567055,-0.008378585800528526,0.3760368525981903,Captured Data
2024-06-15 20:33:30.158039,-3.5199999809265137,-3.9100000858306885,22.5,0.0,0.0,0.0,-0.029403001070022583,-0.04004475474357605,0.3583880066871643,Captured Data
2024-06-15 20:33:30.358282,-3.2733333110809326,-1.8833333253860474,22.5,0.0,0.0,0.0,-0.04234045743942261,-0.05573716759681702,0.3442864716053009,Captured Data
2024-06-15 20:33:30.558398,-2.9800000190734863,0.4399999976158142,22.5,0.0,0.0,0.0,-0.048155393451452255,-0.04888606444001198,0.34314313530921936,Captured Data
2024-06-15 20:33:30.758516,-2.640000104904175,3.059999942779541,22.5,0.0,0.0,0.0,-0.04914620518684387,-0.02506895735859871,0.35126182436943054,Captured Data
2024-06-15 20:33:30.957715,-2.180000066757202,6.480000019073486,22.5,0.0,0.0,0.0,-0.047411903738975525,0.008574259467422962,0.3599697947502136,Captured Data
2024-06-15 20:33:31.158028,-1.4900000095367432,8.470000267028809,22.5,0.0,0.0,0.0,-0.04197241738438606,0.04601157084107399,0.35058698058128357,Captured Data
2024-06-15 20:33:31.358145,-0.3100000023841858,8.260000228881836,22.5,0.0,0.0,0.0,-0.03295312449336052,0.08056152611970901,0.32783961296081543,Captured Data
2024-06-15 20:33:31.558264,0.75,6.853333473205566,22.5,0.0,0.0,0.0,-0.0206430833786726,0.10157739371061325,0.3127381205558777,Captured Data
2024-06-15 20:33:31.758382,1.7266666889190674,5.193333148956299,22.5,0.0,0.0,0.0,-0.006320221349596977,0.10450156033039093,0.3116895258426666,Captured Data
2024-06-15 20:33:31.958636,2.619999885559082,3.2799999713897705,22.5,0.0,0.0,0.0,0.008817736990749836,0.09410831332206726,0.3210807740688324,Captured Data
2024-06-15 20:33:32.157842,3.0799999237060547,0.7699999809265137,22.5,0.0,0.0,0.0,0.02423013746738434,0.07587908953428268,0.3354736864566803,Captured Data
2024-06-15 20:33:32.358063,2.450000047683716,-0.8299999833106995,22.5,0.0,0.0,0.0,0.03892093151807785,0.04825853556394577,0.3545355200767517,Captured Data
2024-06-15 20:33:32.558179,0.8399999737739563,-1.3700000047683716,22.5,0.0,0.0,0.0,0.043663494288921356,0.018401071429252625,0.3639521300792694,Captured Data
2024-06-15 20:33:32.757926,-0.3866666555404663,-1.2100000381469727,22.5,0.0,0.0,0.0,0.033482957631349564,-0.0046359701082110405,0.36729857325553894,Captured Data
2024-06-15 20:33:32.958043,-1.4266666173934937,-0.8600000143051147,22.5,0.0,0.0,0.0,0.014668828807771206,-0.01642019860446453,0.3750397264957428,Captured Data
2024-06-15 20:33:33.158255,-2.2799999713897705,-0.3199999928474426,22.5,0.0,0.0,0.0,-0.003656750777736306,-0.017581894993782043,0.3778417706489563,Captured Data
2024-06-15 20:33:33.358373,-2.619999885559082,0.9100000262260437,22.5,0.0,0.0,0.0,-0.019453492015600204,-0.012865642085671425,0.37343478202819824,Captured Data
2024-06-15 20:33:33.558493,-2.549999952316284,2.3499999046325684,22.5,0.0,0.0,0.0,-0.03167235478758812,-0.001419358653947711,0.36986270546913147,Captured Data
2024-06-15 20:33:33.757790,-2.9100000858306885,3.7699999809265137,22.5,0.0,0.0,0.0,-0.038690049201250076,0.016979482024908066,0.36917585134506226,Captured Data
2024-06-15 20:33:33.957908,-3.4766666889190674,4.436666488647461,22.5,0.0,0.0,0.0,-0.042317040264606476,0.03623640909790993,0.3620510399341583,Captured Data
2024-06-15 20:33:34.158025,-3.9800000190734863,4.829999923706055,22.5,0.0,0.0,0.0,-0.04560733959078789,0.0529889352619648,0.3509540855884552,Captured Data
2024-06-15 20:33:34.358358,-4.420000076293945,4.949999809265137,22.5,0.0,0.0,0.0,-0.05104728043079376,0.0636182427406311,0.34272369742393494,Captured Data
2024-06-15 20:33:34.557758,-4.039999961853027,4.03000020980835,22.5,0.0,0.0,0.0,-0.057378288358449936,0.06963332742452621,0.33776333928108215,Captured Data
2024-06-15 20:33:34.757879,-2.430000066757202,2.190000057220459,22.5,0.0,0.0,0.0,-0.0605759397149086,0.06871964782476425,0.3383222818374634,Captured Data
2024-06-15 20:33:34.957995,-0.23000000417232513,0.10999999940395355,22.5,0.0,0.0,0.0,-0.05527432635426521,0.055938512086868286,0.34879299998283386,Captured Data
2024-06-15 20:33:35.158213,0.9233333468437195,-0.6966666579246521,22.5,0.0,0.0,0.0,-0.03446592018008232,0.032502274960279465,0.36893483996391296,Captured Data
2024-06-15 20:33:35.358331,1.6966667175292969,-0.9766666889190674,22.5,0.0,0.0,0.0,-0.009482133202254772,0.009484085254371166,0.3823838531970978,Captured Data
2024-06-15 20:33:35.558447,2.0899999141693115,-0.7300000190734863,22.5,0.0,0.0,0.0,0.009538384154438972,-0.004784261807799339,0.37900444865226746,Captured Data
2024-06-15 20:33:35.757779,1.3200000524520874,1.0700000524520874,22.5,0.0,0.0,0.0,0.022338742390275,-0.010576962493360043,0.3718736469745636,Captured Data
2024-06-15 20:33:35.958020,-0.4000000059604645,3.2699999809265137,22.5,0.0,0.0,0.0,0.026397669687867165,-0.0020412427838891745,0.3731559216976166,Captured Data
2024-06-15 20:33:36.158139,-2.140000104904175,4.639999866485596,22.5,0.0,0.0,0.0,0.018010787665843964,0.02039906196296215,0.3729170262813568,Captured Data
2024-06-15 20:33:36.358256,-2.8333332538604736,4.599999904632568,22.5,0.0,0.0,0.0,-0.002275895094498992,0.04436729475855827,0.3591183125972748,Captured Data
2024-06-15 20:33:36.558375,-3.306666612625122,4.110000133514404,22.5,0.0,0.0,0.0,-0.022855320945382118,0.06041581928730011,0.34668049216270447,Captured Data
2024-06-15 20:33:36.758492,-3.559999942779541,3.1700000762939453,22.5,0.0,0.0,0.0,-0.037321317940950394,0.06441529840230942,0.34305280447006226,Captured Data
2024-06-15 20:33:36.957966,-3.700000047683716,1.0099999904632568,22.5,0.0,0.0,0.0,-0.046922165900468826,0.05969066172838211,0.3465890884399414,Captured Data
2024-06-15 20:33:37.158234,-3.430000066757202,-0.9900000095367432,22.5,0.0,0.0,0.0,-0.05427027866244316,0.04490058869123459,0.3553588092327118,Captured Data
2024-06-15 20:33:37.358443,-2.4600000381469727,-1.690000057220459,22.5,0.0,0.0,0.0,-0.05629255622625351,0.019637182354927063,0.35891076922416687,Captured Data
2024-06-15 20:33:37.557680,-1.340000033378601,-0.9833333492279053,22.5,0.0,0.0,0.0,-0.05019831657409668,-0.004918687045574188,0.35737350583076477,Captured Data
2024-06-15 20:33:37.757798,-0.18666666746139526,0.09666666388511658,22.5,0.0,0.0,0.0,-0.038474954664707184,-0.015879634767770767,0.3621191382408142,Captured Data
2024-06-15 20:33:37.957949,1.0,1.5499999523162842,22.5,0.0,0.0,0.0,-0.022879937663674355,-0.008944589644670486,0.37713977694511414,Captured Data
2024-06-15 20:33:38.158034,2.0299999713897705,3.799999952316284,22.5,0.0,0.0,0.0,-0.005599673837423325,0.005199423525482416,0.3847928047180176,Captured Data
2024-06-15 20:33:38.358149,1.690000057220459,5.590000152587891,22.5,0.0,0.0,0.0,0.010505720973014832,0.025717731565237045,0.37360310554504395,Captured Data
2024-06-15 20:33:38.558268,-0.07000000029802322,6.570000171661377,22.5,0.0,0.0,0.0,0.021164586767554283,0.05210400000214577,0.3544062376022339,Captured Data
2024-06-15 20:33:38.758554,-1.690000057220459,6.556666851043701,22.5,0.0,0.0,0.0,0.01741732470691204,0.07436468452215195,0.3373412489891052,Captured Data
2024-06-15 20:33:38.957770,-3.2200000286102295,6.190000057220459,22.5,0.0,0.0,0.0,-0.00010082461085403338,0.08674807846546173,0.3267112374305725,Captured Data
2024-06-15 20:33:39.158014,-4.659999847412109,5.46999979019165,22.5,0.0,0.0,0.0,-0.020881429314613342,0.08999097347259521,0.3231072425842285,Captured Data
2024-06-15 20:33:39.358252,-6.079999923706055,3.509999990463257,22.5,0.0,0.0,0.0,-0.042887017130851746,0.08679915219545364,0.32447943091392517,Captured Data
2024-06-15 20:33:39.558370,-6.480000019073486,1.2200000286102295,22.5,0.0,0.0,0.0,-0.06744921207427979,0.07371991127729416,0.3347204625606537,Captured Data
2024-06-15 20:33:39.758487,-5.53000020980835,-0.8799999952316284,22.5,0.0,0.0,0.0,-0.08609184622764587,0.05357721820473671,0.34318023920059204,Captured Data
2024-06-15 20:33:39.957825,-3.8299999237060547,-1.9733333587646484,22.5,0.0,0.0,0.0,-0.08857956528663635,0.02426443062722683,0.3411923348903656,Captured Data
2024-06-15 20:33:40.158161,-1.9700000286102295,-2.890000104904175,22.5,0.0,0.0,0.0,-0.07786283642053604,-0.00397619279101491,0.3405679166316986,Captured Data
2024-06-15 20:33:40.358394,0.05000000074505806,-3.630000114440918,22.5,0.0,0.0,0.0,-0.05718282610177994,-0.025614270940423012,0.34702068567276,Captured Data
2024-06-15 20:33:40.558512,2.440000057220459,-3.7200000286102295,22.5,0.0,0.0,0.0,-0.02918979711830616,-0.043115921318531036,0.35938429832458496,Captured Data
2024-06-15 20:33:40.758630,3.380000114440918,-2.5899999141693115,22.5,0.0,0.0,0.0,-0.00011777318286476657,-0.05380752682685852,0.36227652430534363,Captured Data
2024-06-15 20:33:40.957943,2.759999990463257,-0.8799999952316284,22.5,0.0,0.0,0.0,0.025837985798716545,-0.05186975374817848,0.35283681750297546,Captured Data
2024-06-15 20:33:41.158284,1.9733333587646484,-0.1733333319425583,22.5,0.0,0.0,0.0,0.04020571708679199,-0.0368494838476181,0.3511008024215698,Captured Data
2024-06-15 20:33:41.358402,1.4566667079925537,0.1733333319425583,22.5,0.0,0.0,0.0,0.03939126059412956,-0.01869018003344536,0.359529048204422,Captured Data
2024-06-15 20:33:41.558573,1.2100000381469727,0.1599999964237213,22.5,0.0,0.0,0.0,0.03222452476620674,-0.006639290135353804,0.36921602487564087,Captured Data
2024-06-15 20:33:41.757788,1.8700000047683716,-0.5400000214576721,22.5,0.0,0.0,0.0,0.025762876495718956,-0.0005500962142832577,0.375769704580307,Captured Data
2024-06-15 20:33:41.957908,2.490000009536743,-0.7099999785423279,22.5,0.0,0.0,0.0,0.025158163160085678,-0.0012106415815651417,0.37600767612457275,Captured Data
2024-06-15 20:33:42.158145,1.7699999809265137,0.7900000214576721,22.5,0.0,0.0,0.0,0.030924072489142418,-0.006271739490330219,0.36976662278175354,Captured Data
2024-06-15 20:33:42.358261,-0.0033333334140479565,2.450000047683716,22.5,0.0,0.0,0.0,0.03335681930184364,-0.002019123174250126,0.3703429698944092,Captured Data
2024-06-15 20:33:42.558381,-2.0766665935516357,3.9833333492279053,22.5,0.0,0.0,0.0,0.02515733242034912,0.015261794440448284,0.3749217689037323,Captured Data
2024-06-15 20:33:42.758583,-4.449999809265137,5.389999866485596,22.5,0.0,0.0,0.0,0.0030406105797737837,0.036454472690820694,0.3661561608314514,Captured Data
2024-06-15 20:33:42.957793,-7.25,6.179999828338623,22.5,0.0,0.0,0.0,-0.026559533551335335,0.05707625672221184,0.3502372205257416,Captured Data
2024-06-15 20:33:43.157913,-8.1899995803833,5.619999885559082,22.5,0.0,0.0,0.0,-0.06028102710843086,0.07336236536502838,0.3351256251335144,Captured Data
2024-06-15 20:33:43.358029,-7.199999809265137,4.360000133514404,22.5,0.0,0.0,0.0,-0.09104116261005402,0.080418661236763,0.32631632685661316,Captured Data
2024-06-15 20:33:43.558147,-5.900000095367432,3.573333263397217,22.5,0.0,0.0,0.0,-0.10496634244918823,0.07619334012269974,0.32899659872055054,Captured Data
2024-06-15 20:33:43.758266,-4.6566667556762695,2.9166667461395264,22.5,0.0,0.0,0.0,-0.10317941009998322,0.06641835719347,0.3379107713699341,Captured Data
2024-06-15 20:33:43.958382,-3.4700000286102295,2.390000104904175,22.5,0.0,0.0,0.0,-0.09087751805782318,0.05662190914154053,0.34664714336395264,Captured Data
2024-06-15 20:33:44.158500,-2.3399999141693115,2.2899999618530273,22.5,0.0,0.0,0.0,-0.07436924427747726,0.047604113817214966,0.3551187217235565,Captured Data
2024-06-15 20:33:44.357892,-1.559999942779541,2.759999990463257,22.5,0.0,0.0,0.0,-0.057390641421079636,0.041472177952528,0.3608190715312958,Captured Data
2024-06-15 20:33:44.558281,-1.0099999904632568,3.4700000286102295,22.5,0.0,0.0,0.0,-0.04142848402261734,0.0405665747821331,0.36178848147392273,Captured Data
2024-06-15 20:33:44.758399,-0.9566666483879089,3.9633333683013916,22.5,0.0,0.0,0.0,-0.028714900836348534,0.04588150978088379,0.35801002383232117,Captured Data
2024-06-15 20:33:44.958634,-1.0866667032241821,4.393333435058594,22.5,0.0,0.0,0.0,-0.020844105631113052,0.0530511699616909,0.3528566360473633,Captured Data
2024-06-15 20:33:45.157834,-1.399999976158142,4.760000228881836,22.5,0.0,0.0,0.0,-0.01829550601541996,0.060088083148002625,0.34711965918540955,Captured Data
2024-06-15 20:33:45.357954,-2.2899999618530273,5.059999942779541,22.5,0.0,0.0,0.0,-0.01848767139017582,0.06562794744968414,0.34188276529312134,Captured Data
2024-06-15 20:33:45.558070,-3.009999990463257,4.909999847412109,22.5,0.0,0.0,0.0,-0.02278652973473072,0.07035651057958603,0.33794161677360535,Captured Data
2024-06-15 20:33:45.758187,-2.869999885559082,4.199999809265137,22.5,0.0,0.0,0.0,-0.03230150416493416,0.07300516217947006,0.3358636796474457,Captured Data
2024-06-15 20:33:45.958305,-2.116666555404663,3.366666555404663,22.5,0.0,0.0,0.0,-0.039202235639095306,0.07082156836986542,0.33756276965141296,Captured Data
2024-06-15 20:33:46.158422,-1.0700000524520874,2.4033334255218506,22.5,0.0,0.0,0.0,-0.039136942476034164,0.06313309818506241,0.3438800573348999,Captured Data
2024-06-15 20:33:46.357717,0.27000001072883606,1.309999942779541,22.5,0.0,0.0,0.0,-0.031306732445955276,0.052548643201589584,0.3522728979587555,Captured Data
2024-06-15 20:33:46.557835,2.680000066757202,-0.33000001311302185,22.5,0.0,0.0,0.0,-0.01531793549656868,0.03832268714904785,0.364081472158432,Captured Data
2024-06-15 20:33:46.757997,4.28000020980835,-1.2200000286102295,22.5,0.0,0.0,0.0,0.009322945028543472,0.020757822319865227,0.3723692297935486,Captured Data
2024-06-15 20:33:46.958116,4.269999980926514,-0.9399999976158142,22.5,0.0,0.0,0.0,0.036787766963243484,0.001884163124486804,0.36407268047332764,Captured Data
2024-06-15 20:33:47.158620,3.2833333015441895,-0.07999999821186066,22.5,0.0,0.0,0.0,0.05418526381254196,-0.009211969561874866,0.35122859477996826,Captured Data
2024-06-15 20:33:47.357737,2.140000104904175,0.7099999785423279,22.5,0.0,0.0,0.0,0.05742279067635536,-0.009167986921966076,0.35031935572624207,Captured Data
2024-06-15 20:33:47.557855,0.8399999737739563,1.4299999475479126,22.5,0.0,0.0,0.0,0.04826432093977928,0.00014567162725143135,0.3613901734352112,Captured Data
2024-06-15 20:33:47.758090,-1.1699999570846558,1.4199999570846558,22.5,0.0,0.0,0.0,0.03494450822472572,0.011767012998461723,0.3727811872959137,Captured Data
2024-06-15 20:33:47.958285,-2.930000066757202,0.47999998927116394,22.5,0.0,0.0,0.0,0.013122604228556156,0.01934666559100151,0.3767222762107849,Captured Data
2024-06-15 20:33:48.158402,-3.8499999046325684,-0.75,22.5,0.0,0.0,0.0,-0.014903521165251732,0.01824120432138443,0.3758375346660614,Captured Data
2024-06-15 20:33:48.358521,-3.7300000190734863,-1.256666660308838,22.5,0.0,0.0,0.0,-0.03833604231476784,0.0071465326473116875,0.36650288105010986,Captured Data
2024-06-15 20:33:48.557639,-3.440000057220459,-1.3799999952316284,22.5,0.0,0.0,0.0,-0.05149591714143753,-0.005996365565806627,0.355995237827301,Captured Data
2024-06-15 20:33:48.757755,-2.9800000190734863,-1.1200000047683716,22.5,0.0,0.0,0.0,-0.053884707391262054,-0.014439372345805168,0.35158872604370117,Captured Data
2024-06-15 20:33:48.957959,-2.630000114440918,0.33000001311302185,22.5,0.0,0.0,0.0,-0.05222700163722038,-0.017216743901371956,0.35155901312828064,Captured Data
2024-06-15 20:33:49.158162,-3.359999895095825,1.8700000047683716,22.5,0.0,0.0,0.0,-0.04771711304783821,-0.010879641398787498,0.3569459021091461,Captured Data
2024-06-15 20:33:49.358280,-4.860000133514404,3.0799999237060547,22.5,0.0,0.0,0.0,-0.04819858446717262,0.007077101152390242,0.3632209897041321,Captured Data
